Model,Score
GeForce RTX 4090,38616
GeForce RTX 4090 D,37631
GeForce RTX 4080,34611
GeForce RTX 4080 SUPER,34054
GeForce RTX 4070 Ti,31769
GeForce RTX 4070 Ti SUPER,31738
Radeon RX 7900 XTX,30930
GeForce RTX 4070 SUPER,29977
GeForce RTX 3090 Ti,29745
Radeon PRO W7900,29191
Radeon RX 7900 XT,28849
Radeon PRO W7800,28601
RTX 6000 Ada Generation,28305
Radeon RX 6950 XT,28290
RTX 4500 Ada Generation,28261
GeForce RTX 4090 Laptop GPU,27875
GeForce RTX 3080 Ti,27172
GeForce RTX 4070,26977
Radeon RX 6900 XT,26841
GeForce RTX 3090,26788
GeForce RTX 3080 12GB,26681
Radeon RX 7900 GRE,26392
GeForce RTX 4080 Laptop GPU,25339
GeForce RTX 3080,25279
RTX 4000 Ada Generation,25073
Radeon RX 6800 XT,25032
RTX 5000 Ada Generation,24931
Radeon RX 7800 XT,24132
RTX 5000 Ada Generation Laptop GPU,24072
GeForce RTX 3070 Ti,23641
RTX 4000 Ada Generation Laptop GPU,22960
GeForce RTX 4060 Ti,22932
GeForce RTX 4060 Ti 16GB,22925
RTX A5000,22816
GeForce RTX 3070,22385
Radeon RX 7700 XT,22323
Radeon RX 6800,22281
Radeon RX 7900M,22112
RTX A6000,22072
NVIDIA A10,22064
GRID RTX6000-6Q,21987
RTX A4500,21782
GeForce RTX 2080 Ti,21780
Radeon 610M Ryzen 9 7845HX,21623
RTX A5500,21495
RTX 4000 SFF Ada Generation,21282
Radeon RX 6750 XT,20756
Radeon RX 6750 GRE 10GB,20644
GeForce RTX 3060 Ti,20534
Radeon PRO W7700,20016
TITAN RTX,19918
Radeon RX 6700 XT,19884
Radeon PRO W6800,19878
GeForce RTX 3080 Ti Laptop GPU,19875
Quadro GV100,19824
RTX 3500 Ada Generation Laptop GPU,19753
TITAN V,19743
Radeon RX 6750 GRE 12GB,19732
L40-8Q,19705
GeForce RTX 4070 Laptop GPU,19615
GeForce RTX 4060,19585
GeForce RTX 2080 SUPER,19585
Quadro RTX 8000,19480
RTX A4000,19397
TITAN Xp COLLECTORS EDITION,19071
Radeon RX 6700,18977
GeForce RTX 2080,18795
Quadro RTX 6000,18776
GeForce GTX 1080 Ti,18563
NVIDIA TITAN Xp,18513
NVIDIA A10G,18488
GeForce RTX 2070 SUPER,18249
GeForce RTX 3070 Ti Laptop GPU,18079
Radeon PRO W7600,18058
RTX 2000 Ada Generation,17901
A40-48Q,17864
GeForce RTX 4060 Laptop GPU,17693
RTX A4500 Laptop GPU,17632
Radeon Pro W5700X,17591
RTX A5500 Laptop GPU,17484
Radeon RX 7600 XT,17421
Radeon RX 6650 XT,17278
Radeon RX 6850M XT,17192
GeForce RTX 3060 12GB,17036
TITAN V CEO Edition,16988
Radeon VII,16690
Radeon RX 5700 XT,16628
Radeon RX 5700 XT 50th Anniversary,16615
GeForce RTX 2060 SUPER,16557
Radeon RX 6600 XT,16499
GeForce RTX 3080 Laptop GPU,16471
Quadro GP100,16374
Radeon RX 7600,16327
Tesla V100-SXM2-16GB,16235
GeForce RTX 2070,16162
RTX 3000 Ada Generation Laptop GPU,16058
RTX A5000 Laptop GPU,16041
Radeon Pro Vega II Duo,15977
Quadro RTX 5000,15965
Miracast display port driver V3,15910
Radeon RX 7700S,15900
GeForce RTX 2060 12GB,15892
Radeon PRO W6600,15824
Radeon Pro Vega II,15597
GeForce GTX 1080,15539
GeForce RTX 3070 Laptop GPU,15487
Radeon RX 6800S,15446
RTX A4000 Laptop GPU,15440
RTX 2000 Ada Generation Laptop GPU,15415
Quadro RTX 4000,15396
GeForce RTX 3060 8GB,15386
Radeon Pro W5700,15197
Quadro P6000,15133
Radeon RX 6600,15133
GeForce RTX 2080 (Mobile),15107
Radeon RX 6650M,15004
Radeon RX 6700S,14923
Quadro RTX 5000 (Mobile),14832
GeForce GTX 1070 Ti,14685
NVIDIA A40,14665
RTX A3000 12GB Laptop GPU,14488
Radeon RX 5700,14479
GeForce RTX 4050 Laptop GPU,14400
Radeon RX Vega 64,14353
Radeon RX 7600S,14172
GeForce RTX 2060,14150
RTX 1000 Ada Generation Laptop GPU,13982
RadeonT RX 6850M XT,13848
Radeon Pro WX 8200,13835
GeForce GTX 980 Ti,13809
GeForce RTX 2080 Super with Max-Q Design,13802
GeForce RTX 2070 Super with Max-Q Design,13779
RTX A2000,13754
Radeon PRO W7500,13722
Radeon Pro Vega 64X,13709
RTX A2000 12GB,13702
Radeon RX 6600M,13690
Radeon RX 6600S,13678
Radeon RX 5600 XT,13667
NVIDIA TITAN X,13660
Quadro RTX 5000 with Max-Q Design,13644
Radeon PRO W6600M,13549
GeForce GTX 1070,13514
Radeon RX 6700M,13465
GeForce RTX 3060 Laptop GPU,13371
Radeon RX 6800M,13288
Radeon RX Vega 56,13258
Radeon Vega Frontier Edition,13226
GeForce RTX 2080 with Max-Q Design,13139
Radeon PRO W6600X,13113
Intel Arc A770,13102
GeForce GTX TITAN X,13003
Radeon Pro Vega 64,12950
GeForce GTX 1660 Ti,12928
GeForce RTX 3050 8GB,12858
GeForce GTX 1660 SUPER,12769
Radeon Pro VII,12728
Quadro RTX 4000 with Max-Q Design,12663
Tesla T10,12650
Radeon Pro 5700 XT,12613
RTX A3000 Laptop GPU,12538
Tesla P40,12499
Quadro RTX 4000 (Mobile),12474
Radeon Pro WX 9100,12464
Quadro P5000,12453
Quadro P5200 with Max-Q Design,12355
GeForce RTX 2070 (Mobile),12354
Radeon Pro Vega 56,12354
Tesla V100-PCIE-16GB,12328
Quadro P5200,12304
Radeon RX 6850M,12274
Radeon Pro V520 MxGPU,12258
GeForce RTX 3050 OEM,12017
Radeon RX 5600 OEM,12005
Intel Arc A750,11952
Quadro M6000 24GB,11890
Radeon Pro 5700,11844
Quadro M6000,11815
GeForce RTX 2070 with Max-Q Design,11712
GeForce GTX 1660,11686
Quadro P4000,11651
Radeon RX 5600,11587
GeForce GTX 1080 with Max-Q Design,11584
Intel Arc A580,11582
Radeon RX 7600M XT,11531
L4,11519
Intel Arc A770M,11513
Quadro P4200 with Max-Q Design,11447
RTX 500 Ada Generation Laptop GPU,11389
RTX A1000 Embedded GPU,11369
GeForce RTX 2060 (Mobile),11355
Radeon Pro Vega 48,11300
Quadro RTX 3000,11159
GeForce GTX 980,11123
GRID P40-12Q,11028
Radeon Pro SSG,10972
RTX A2000 8GB Laptop GPU,10951
RTX A4500 Embedded GPU,10916
Tesla T4,10833
GeForce RTX 3050 6GB,10769
Quadro P4200,10685
Intel Arc A730M,10488
GeForce GTX 1070 (Mobile),10465
GeForce RTX 3050 6GB Laptop GPU,10446
Tesla M40 24GB,10418
Tesla M40,10377
GeForce GTX 1660 Ti (Mobile),10181
GeForce RTX 3050 Ti Laptop GPU,10162
GeForce GTX 1650 SUPER,10157
RTX A1000 6GB Laptop GPU,10153
GeForce GTX 1060,10073
RTX A2000 Laptop GPU,9971
Radeon R9 Fury X,9961
GeForce GTX 1070 with Max-Q Design,9894
GRID P40-2B,9842
GeForce GTX 1060 3GB,9758
GeForce RTX 2060 with Max-Q Design,9747
Radeon R9 Fury + Fury X,9741
GeForce GTX 970,9642
Radeon R9 Fury,9592
Radeon RX 6500 XT,9541
GeForce GTX 780 Ti,9521
RTX A1000 Laptop GPU,9462
Ryzen 9 4900HSS with Radeon Graphics,9461
Parsec Virtual Display Adapter,9458
GeForce RTX 3050 Laptop GPU,9454
Radeon R9 390X,9440
Quadro M5000,9414
Radeon RX 590,9407
Radeon RX 6550M,9360
Quadro P2200,9322
Quadro P3200 with Max-Q Design,9316
Radeon Pro 5600M,9233
Radeon RX 5500 XT,9156
Radeon Pro W5500,9119
GRID P40-2B4,9111
Quadro P4000 with Max-Q Design,9083
GeForce GTX 1060 5GB,9058
GeForce GTX TITAN Z,8987
GeForce GTX TITAN Black,8939
Radeon R9 390,8915
Radeon RX 580,8871
Quadro P3200,8860
Radeon RX 5500,8843
Tesla P4,8768
GRID P40-24Q,8719
Radeon RX 5600M,8718
Radeon R9 290X,8638
Radeon RX 480,8626
Radeon R9 295X2,8618
GeForce GTX 1660 Ti with Max-Q Design,8615
Radeon RX590 GME,8592
GRID RTX6000-1B,8473
Radeon R9 290X / 390X,8389
Ryzen 5 4600HS with Radeon Graphics,8371
Radeon Pro 5500 XT,8359
Quadro RTX 3000 with Max-Q Design,8350
Radeon R9 290,8309
Tesla V100-PCIE-32GB,8260
GeForce GTX Titan,8190
Radeon Pro Duo,8164
GeForce GTX 1060 (Mobile),8161
Radeon R9 290 / 390,8150
CMP 30HX,8136
Quadro K6000,8053
Radeon PRO W6400,8047
Intel Arc Pro A60,8033
Radeon RX 470/570,8015
Ryzen 9 6900HS,8005
GeForce GTX 780,8004
FirePro W9100,7987
Quadro M5500,7915
GeForce GTX 1060 with Max-Q Design,7899
Radeon Pro WX 7100,7898
Radeon RX 780,7898
GeForce GTX 1650,7876
T1200 Laptop GPU,7871
Radeon RX 6500M,7860
Radeon RX 580X,7798
Radeon Pro 580,7753
Radeon RX 580 2048SP,7701
GeForce RTX 2050,7677
Radeon RX 5300,7641
T1000,7640
Radeon RX 6500,7629
T1000 8GB,7607
GeForce GTX 1650 Ti,7571
Tesla M60,7551
Radeon RX 6400,7551
Radeon Pro 580X,7540
GRID P40-8Q,7432
Ryzen 9 4900HS with Radeon Graphics,7419
Radeon Ryzen 9 6900HS,7384
Radeon Pro W5500X,7351
GeForce GTX 980M,7349
FirePro W8100,7279
Tesla P100-PCIE-16GB,7225
Quadro T2000,7184
Radeon Pro 5300,7144
AMD Ryzen Z1 Extreme,7096
Radeon 780M,7081
RadeonT 780M,7078
T600 Laptop GPU,7052
A10-8Q,7042
Ryzen 7 4800HS with Radeon Graphics,6999
GeForce GTX 1650 (Mobile),6969
Quadro M5000M,6933
Quadro P2000,6929
Quadro T2000 with Max-Q Design,6900
GRID P4-4Q,6843
RTX A500 Laptop GPU,6818
Radeon Pro 5500M,6813
CMP 40HX,6778
GeForce RTX 3050 4GB Laptop GPU,6768
GRID P4-8Q,6733
Quadro T1000 with Max-Q Design,6721
Radeon Pro WX 7130,6715
GeForce GTX 970XM FORCE,6707
Radeon R9 285,6680
Quadro M4000,6678
Ryzen 7 6800HS with Radeon Graphics,6677
Radeon RX Vega M GH,6570
Quadro P3000,6564
Quadro T1000,6488
T600,6465
GeForce GTX 1650 Ti with Max-Q Design,6419
P106-100,6390
Radeon Pro 570,6337
GeForce GTX 1050 Ti,6318
Radeon 660M Ryzen 5 6600H,6286
Tesla M6,6284
Intel Arc A530M,6238
Radeon Ryzen 9 PRO 6950H,6237
Radeon Ryzen 7 6800HS,6228
Intel Arc A380,6220
Quadro M4000M,6210
Radeon R9 380X,6194
Radeon R9 280X,6191
GeForce GTX 1650 with Max-Q Design,6171
Radeon 680M Ryzen 7 7735HS,6167
Radeon R9 380,6144
FirePro W9000,6138
Ryzen 9 6900HS with Radeon Graphics,6098
GeForce GTX 960,6073
Quadro K5200,6062
Radeon Ryzen 9 6900HS Creator Edition,6012
GeForce MX570 A,5975
Radeon Pro 5300M,5967
GRID P100-16Q,5945
Radeon 760M,5926
GeForce GTX 770,5921
GeForce GTX 1050 Ti (Mobile),5919
Radeon PRO W6300,5898
Intel Arc Pro A30M,5862
Tesla K80,5852
RadeonT 760M,5846
Ryzen 9 PRO 6950H with Radeon Graphics,5828
Matrox LUMA A380P,5805
Radeon Ryzen 7 7736U,5792
Radeon Ryzen 7 PRO 6850H,5767
Ryzen 9 PRO 6950H,5759
GeForce MX570,5749
Radeon RX 6300,5741
GeForce GTX 970M,5740
Radeon PRO Ryzen 7 PRO 6850U,5707
GRID T4-8Q,5680
RadeonT 680M Ryzen 7 7735HS,5651
Ryzen 7 PRO 6850U,5581
Intel Arc A310,5577
GeForce GTX 690,5572
Ryzen 9 5900HS with Radeon Graphics,5570
Radeon Pro WX 5100,5569
Radeon HD 7990,5566
Radeon R9 280,5559
GeForce GTX 680,5558
Radeon R9 285 / 380,5550
Quadro M3000M,5530
GRID M60-8A,5523
Radeon TM,5513
Radeon RX 5500M,5503
Radeon Ryzen 7 6800HS Creator Edition,5465
GeForce GTX 760 Ti OEM,5427
Radeon Ryzen 7 7735HS,5398
Ryzen 7 6800HS Creator Edition,5382
Radeon Eng Sample: 100-000000534-40_Y,5380
Ryzen 9 6900HX with Radeon Graphics,5367
GRID P40-4Q,5365
GeForce GTX 1050 Ti with Max-Q Design,5363
Radeon Ryzen 7 6800H,5343
GeForce GTX 950,5339
Quadro P2000 with Max-Q Design,5333
GeForce GTX 670,5330
Radeon Pro Vega 20,5300
FirePro W7100,5259
Radeon HD 7970 / R9 280X,5248
Ryzen 7 6800H,5248
GeForce GTX 760 Ti,5241
Ryzen 7 6800HS,5237
Radeon Eng Sample: 100-000000550-40_Y,5224
Ryzen 7 7735U with Radeon Graphics,5216
Radeon HD 8990,5214
Radeon Ryzen 7 7735U,5208
GRID M60-2Q,5203
Radeon R9 M395X,5195
Radeon Ryzen 7 PRO 6850U,5191
Radeon Ryzen 7 7735H,5191
Q12U-1,5164
Radeon R9 M295X,5150
Ryzen 7 7735HS with Radeon Graphics,5128
GeForce GTX 1050 3GB,5126
Intel Arc,5122
Ryzen 7 PRO 6850U with Radeon Graphics,5116
Intel Arc A370M,5115
Ryzen 7 PRO 6860Z,5077
FirePro S9000,5059
GRID T4-16Q,5055
EIZO Quadro MED-XN51LP,5048
GeForce GTX 1050,5048
Radeon Ryzen 7 PRO 6850HS,5026
Radeon Eng Sample: 100-000000545-40_Y,5026
Ryzen 7 6800U,5006
GeForce GTX 1630,4992
A16,4981
Radeon Instinct MI25 MxGPU,4979
Radeon R9 M395,4949
Barco MXRT 7600,4944
GRID P40-1A,4909
FirePro S9050,4901
Radeon R9 270X,4879
Ryzen 7 PRO 6860Z with Radeon Graphics,4869
T550 Laptop GPU,4845
GRID P40-2Q,4844
Ryzen 7 6800U with Radeon Graphics,4829
Radeon Pro Vega 16,4809
Ryzen 7 6800H with Radeon Graphics,4801
GeForce GTX 760,4794
GRID RTX6000P-6Q,4777
FirePro S10000,4768
Radeon HD 7950 / R9 280,4765
Radeon Sky 500,4764
Radeon Eng Sample: 100-000000560-40_Y,4749
Radeon R9 370,4722
Ryzen 9 PRO 6950HS with Radeon Graphics,4705
GRID V100D-2Q,4668
Radeon Pro WX Vega M GL,4643
Radeon HD 7870,4637
Radeon Ryzen 7 PRO 6860Z,4594
A16-2Q,4583
Radeon Ryzen 7 6800U,4575
GeForce MX550,4573
GeForce GTX 580,4565
B8DKMDAP,4557
Radeon Pro 465,4538
FirePro S7000,4524
Radeon R7 370,4520
Tesla K40c,4495
Radeon HD 7870 XT,4470
GeForce GTX 1050 (Mobile),4462
GRID M60-1B,4457
Quadro P1000,4454
Tesla K20m,4432
GRID P6-4Q,4429
GeForce GTX 660 Ti,4417
Radeon Ryzen 7 Pro 7735U,4409
FirePro W7000 Adapter,4359
GRID GTX P40-6,4340
Quadro K4200,4323
Radeon RX 5300M,4307
Radeon R9 270,4306
FirePro W7000,4288
GRID RTX6000P-4Q,4283
Radeon R9 270 / R7 370,4260
Radeon Ryzen 9 PRO 6950HS,4251
Quadro M2200,4249
RTXA6000-8Q,4237
NVIDIA A40-4Q,4230
NVIDIA A40-8Q,4220
Radeon Ryzen 9 7950X 16-Core,4183
A16-4Q,4166
GRID RTX8000P-12A,4166
GRID V100D-8Q,4156
GeForce GTX 680MX,4142
Winsta0\\Default,4125
GeForce GTX 480,4107
Radeon RX 460,4103
FirePro W8000,4096
GeForce GTX 1050 with Max-Q Design,4078
Radeon PRO Ryzen 5 PRO 6650U,4067
RadeonT 660M Ryzen 5 7535HS,4051
Radeon Eng Sample: 100-000000561-40_Y,4042
Radeon 660M Ryzen 5 7535HS,4029
Radeon HD 7800-serie,4029
GeForce GTX 660,4000
Quadro K5000,3988
Quadro M2000,3985
GRID RTX8000-4Q,3961
Radeon RX 7600M,3940
GeForce GTX 570,3929
GRID P6-2Q,3926
GeForce GTX 750 Ti,3903
GRID M60-8Q,3884
Radeon HD 8970M,3876
Matrox LUMA A310F,3873
Intel Arc A310 LP,3862
Radeon HD 7850,3862
GeForce GTX 780M,3848
GRID RTX8000P-2Q,3843
EIZO MED-XN43,3843
Radeon Eng Sample: 100-000000562-40_Y,3841
GRID M60-4Q,3831
GRID V100-2Q,3811
GeForce GTX 880M,3804
GeForce GTX 965M,3794
Radeon Ryzen 5 6600H,3776
Radeon Ryzen 5 6600HS Creator Edition,3756
Barco MXRT 7500,3753
Radeon Ryzen 7 4800HS,3752
P104-100,3743
Ryzen 7 PRO 6850HS with Radeon Graphics,3736
GeForce MX450,3733
Ryzen 5 PRO 6650H with Radeon Graphics,3727
T400 4GB,3727
Radeon Ryzen 5 PRO 6650H,3725
Radeon Ryzen 5 7535HS,3699
T500,3696
GRID M60-1Q,3695
Eng Sample: 100-000000545-40_Y,3692
Matrox LUMA A310,3690
Radeon Ryzen 5 PRO 6650U,3681
Ryzen 5 7535HS with Radeon Graphics,3680
Radeon Pro 560X,3678
Ryzen 5 6600HS Creator Edition,3671
Radeon R9 M485X,3661
Radeon RX 560,3646
Radeon Pro WX 4100,3639
Quadro P620,3634
T400,3631
Radeon RX Vega M GL,3602
GeForce GTX 775M,3600
Radeon R9 M390X,3597
GRID RTX8000-2Q,3574
GeForce GTX 680M KY_Bullet Edition,3569
GRID M6-8Q,3568
Quadro K2200,3548
Radeon Ryzen 7 4800H,3547
Microsoft Basic Display Adapter Ryzen 5 3550H,3537
Radeon HD 7970M,3529
Ryzen 5 7535U with Radeon Graphics,3529
Ryzen 5 6600H with Radeon Graphics,3525
Ryzen 5 PRO 6650U,3519
GRID K520,3516
Ryzen 5 PRO 6650U with Radeon Graphics,3515
Quadro 7000,3505
Radeon Pro 560,3475
Quadro K2200M,3469
Quadro M2000M,3458
Radeon Pro 460,3453
GRID T4-2Q,3451
GeForce GTX 870M,3450
Radeon 740M,3444
Radeon Ryzen 5 7535U,3433
Tesla C2050 / C2070,3428
NVIDIA A10-4Q,3425
GeForce GTX 960M,3396
Radeon Ryzen 5 6600U,3395
NVIDIA A40-12Q,3371
Radeon Eng Sample: 100-000000261-50_Y,3370
Radeon HD8970M,3369
Radeon E8870PCIe,3368
GRID M10-1Q,3351
GeForce GTX 750,3350
GeForce GTX 590,3341
GeForce GTX 650 Ti BOOST,3338
GRID T4-1Q,3303
Tesla K40m,3281
Quadro P600,3281
GRID P100-8Q,3267
Radeon R9 M290X,3263
GRID T4-4Q,3260
GeForce 770M,3246
Radeon R9 M470X,3244
Eng Sample: 100-000000534-40_Y,3237
Ryzen 5 6600U with Radeon Graphics,3233
Quadro M1200,3230
GeForce GTX 680M,3216
GRID P4-8A,3206
Radeon RX 560X,3197
Radeon R7 260X,3186
Radeon R9 260,3182
Tesla C2050,3176
Tesla M10,3172
FirePro V7000,3162
FirePro W7170M,3162
Intel Graphics,3144
A16-2B,3141
Radeon Pro 555,3141
Radeon Pro 455,3113
GeForce GTX 470,3107
Quadro K5100M,3105
Radeon R7 360,3095
Matrox LUMA A310FP,3093
Radeon HD 7790,3090
GeForce GTX 960A,3075
Radeon Ryzen 5 Pro 7535U,3060
GeForce GTX 560 Ti,3043
EIZO MED-X5000,3038
GeForce GTX 860M,3037
Radeon R9 360,3032
Tesla C2075,3017
Radeon HD 6990,3013
FirePro W5100,2989
FirePro W5000,2977
GRID M10-4Q,2977
Radeon Ryzen 9 5900H,2961
GRID K260Q,2949
Quadro K1200,2930
Tesla K20Xm,2918
Snapdragon X Elite - X1E84100 - Qualcomm Adreno GP,2917
Ryzen 7 5800HS with Radeon Graphics,2917
Radeon R7 260,2892
Ryzen 9 5900HX with Radeon Graphics,2891
Ryzen 7 PRO 4700G with Radeon Graphics,2880
FirePro M6100 FireGL V,2872
Quadro M1000M,2865
Eng Sample: 100-000000261-50_Y,2860
Radeon Pro V340 MxGPU,2853
Custom GPU 0405,2849
Tesla C2070,2840
GRID K280Q,2840
Radeon HD 6970,2836
Radeon Ryzen 7 5800H,2825
FirePro W4300,2820
FirePro 3D V9800,2812
GeForce MX350,2808
GeForce GTX 770M,2802
Quadro M620,2801
Ryzen 7 5700G with Radeon Graphics,2796
Radeon R9 M380,2763
Quadro K4100M,2754
Quadro K5000M,2752
Radeon Ryzen 9 5980HS,2749
Radeon Eng Sample: 100-000000300-30_Y,2742
Radeon Ryzen 5 5500GT,2741
GeForce GTX 560,2741
Ryzen 7 5800H with Radeon Graphics,2740
GRID K2,2737
Radeon HD 8950,2733
Radeon RX 550,2728
FirePro S7150,2727
FirePro V9800,2727
Quadro K4000,2725
Radeon Pro 450,2723
Ryzen 9 4900H with Radeon Graphics,2714
Quadro 6000,2709
Ryzen 7 5700GE with Radeon Graphics,2702
Barco MXRT 5500,2702
GRID M10-2Q,2692
Intel Iris Xe,2685
Ryzen 7 Pro 4750G with Radeon Graphics,2682
Radeon Eng Sample: 100-000000300-40_Y,2670
GeForce GTX 465,2663
Radeon Ryzen 5 5600GT,2647
FirePro R5000,2647
GeForce GTX 675MX,2642
GRID P6-4A,2639
MONSTER GeForce GTX 675M,2637
Radeon HD 6950,2617
A40-24Q,2616
Radeon Pro WX 4150,2615
Radeon Ryzen 9 7900X 12-Core,2611
Radeon Ryzen 7 4700GE,2610
Radeon RX Vega 11 Ryzen 7 3700U,2602
Ryzen 5 5600GE with Radeon Graphics,2602
GRID T4-2B,2601
Snapdragon X Elite - X1E78100 - Qualcomm Adreno GP,2599
Radeon Ryzen 7 4700G,2598
Radeon Ryzen 7 PRO 4750G,2598
Radeon Eng Sample: 100-000000371-40_42/18_Y,2591
GeForce GTX 950M,2585
Ryzen 5 5600G with Radeon Graphics,2583
Snapdragon X Elite - X1E80100 - Qualcomm Adreno GP,2578
GeForce GTX 950A,2552
Radeon Ryzen 9 4900H,2551
Snapdragon X Plus - X1P64100 - Qualcomm Adreno GPU,2550
Ryzen 7 PRO 4750GE with Radeon Graphics,2550
Ryzen 7 PRO 7730U with Radeon Graphics,2549
Radeon Pro WX 3100,2548
GRID K240Q,2541
Radeon HD 6850 X2,2534
Ryzen 9 5980HS with Radeon Graphics,2534
Radeon Ryzen 5 5600GE,2529
FireStream 9370,2528
N18E-Q1,2525
GeForce GTX 650 Ti,2523
GeForce GTX 850M,2517
Ryzen 5 5500GT with Radeon Graphics,2517
Ryzen 7 PRO 5750GE with Radeon Graphics,2515
Radeon Ryzen 7 5800HS,2504
Ryzen 5 PRO 5650G with Radeon Graphics,2501
Ryzen 7 4700GE with Radeon Graphics,2496
Ryzen 7 7730U with Radeon Graphics,2470
SuperDisplay Virtual Adapter,2470
Barco MXRT 5600,2466
GeForce GT 1030,2465
Radeon Eng Sample: 100-000000146-40_42/35_Y,2464
Radeon Ryzen 7 7730U,2464
GeForce MX330,2443
Ryzen 7 PRO 5750G with Radeon Graphics,2441
FirePro 3D V8800,2438
Ryzen 5 PRO 5650GE with Radeon Graphics,2436
Radeon Pro WX 3200,2431
GeForce MX250,2423
Radeon Eng Sample: 100-000000262-30_Y,2416
Radeon Ryzen 5 5600H,2411
Radeon Eng Sample: 100-000000285-40_Y,2405
Radeon RX Vega 11 PRD,2402
Radeon Ryzen 7 5800U,2401
Radeon Ryzen 9 7900 12-Core,2397
Ryzen 5 Pro 4650G with Radeon Graphics,2394
Radeon Ryzen 7 5825U,2384
Ryzen 5 4600G with Radeon Graphics,2377
Radeon Ryzen 5 PRO 4655G,2376
Citrix Indirect Display Adapter,2366
GRID M10-2B,2363
Radeon Vega 11 Ryzen 5 PRO 3350G,2363
Ryzen 7 5800U with Radeon Graphics,2362
Radeon Ryzen 5 PRO 4655GE,2362
GeForce GTX 485M,2360
FirePro W6150M,2358
Radeon Ryzen 7 PRO 7730U,2346
Ryzen 7 4800U with Radeon Graphics,2344
P106-090,2343
Ryzen 7 5825U with Radeon Graphics,2343
Ryzen 5 5600H with Radeon Graphics,2336
Radeon RX Vega Ryzen 3 5300U,2334
Radeon R9 M470,2331
Ryzen 3 PRO 5350G with Radeon Graphics,2330
Radeon Ryzen 7 PRO 4750GE,2329
Radeon Ryzen 7 4800U,2315
Radeon Ryzen 5 PRO 5650GE,2313
Radeon RX Vega - Renoir Ryzen 3 5300U,2312
Radeon Ryzen 7 5700U,2311
GRID M10-1B,2310
Ryzen 5 PRO 4400G with Radeon Graphics,2306
FirePro V7900,2305
Radeon Ryzen 5 4400G,2296
Radeon Ryzen 5 PRO 5650G,2296
Radeon Ryzen 7 Microsoft Surface Edition,2290
Radeon HD 5970,2282
FirePro V8800,2281
GeForce MX150,2280
Radeon RX Vega Ryzen 5 5500U,2280
Ryzen 3 4300GE with Radeon Graphics,2271
Radeon Ryzen 7 5800HS Creator Edition,2271
Radeon HD 6970M,2270
Ryzen 7 PRO 5850U with Radeon Graphics,2270
Ryzen 5 7530U with Radeon Graphics,2269
Radeon R7 250X,2269
Radeon RX 550X,2267
Quadro K3100M,2265
Intel HD 5600,2264
GeForce GTX 460,2263
Ryzen 7 5700U with Radeon Graphics,2246
Radeon Ryzen Embedded V2546,2237
Intel Iris Pro P580,2231
Quadro K620,2231
Ryzen 7 Extreme Edition,2227
Radeon Ryzen 5 7530U,2223
GRID P100-1B,2223
Radeon HD 6870,2219
Radeon HD 5870,2219
Ryzen 5 4600H with Radeon Graphics,2205
Ryzen 7 4700G with Radeon Graphics,2187
Ryzen 5 5600U with Radeon Graphics,2178
Quadro M600M,2177
Radeon RX Vega 11 Ryzen 5 3400G,2172
Radeon HD 7770,2170
Radeon Ryzen 5 7430U,2166
Radeon Ryzen 7 7700X 8-Core,2164
Intel UHD Graphics P630,2157
Radeon Ryzen 5 5625U,2157
FirePro M6100,2152
GRID P4-1B,2151
GeForce GTX 745,2140
Radeon Ryzen 7 4850U Mobile,2138
Ryzen 3 Pro 4350G with Radeon Graphics,2136
RadeonT RX Vega 11,2131
Radeon RX Vega 11,2119
Ryzen 7 4800H with Radeon Graphics,2113
Radeon Ryzen 5 5600U,2111
Radeon Pro,2110
GeForce 945M,2109
Radeon TM R9 A360,2105
FirePro M5100,2103
Radeon Ryzen 5 Microsoft Surface Edition,2098
Intel G35 Express,2097
Ryzen 5 PRO 4650GE with Radeon Graphics,2097
Radeon Ryzen 5 5500U,2095
Quadro P520,2094
Radeon Ryzen 5 PRO 4500U,2078
GeForce GTX 580M,2074
Ryzen 5 5560U with Radeon Graphics,2073
GRID M6-1Q,2069
Radeon RX Vega 11 Ryzen 5 3400GE,2069
Ryzen 7 PRO 5875U with Radeon Graphics,2067
Radeon R9 M385,2061
Quadro 5000M,2060
Ryzen 3 4300G with Radeon Graphics,2058
Radeon Ryzen 7 PRO 4750U,2055
Radeon Ryzen 7 4700U,2046
Radeon Ryzen 3 PRO 7330U,2043
Ryzen 5 PRO 5650U with Radeon Graphics,2042
Ryzen 7 4700U with Radeon Graphics,2034
Radeon Ryzen 5 5560U,2031
Ryzen 7 PRO 4750U with Radeon Graphics,2030
FirePro V7800,2028
Radeon R9 350,2019
Radeon Ryzen 3 7335U,2016
Radeon Pro W5500M,2010
Ryzen 5 PRO 4500U with Radeon Graphics,2008
Ryzen 5 5600GT with Radeon Graphics,2007
GeForce GT 645,2006
Ryzen 3 5300G with Radeon Graphics,2004
GeForce GTX 460 SE,2001
Radeon Ryzen Embedded V2718,1999
Radeon R9 M385X,1994
GeForce GTX 765M,1993
GRID M10-8Q,1992
Ryzen 5 5500U with Radeon Graphics,1991
Ryzen 5 5625U with Radeon Graphics,1989
Ryzen 3 PRO 7330U with Radeon Graphics,1985
Intel Iris Pro 580,1984
Radeon R7 + R7 350 Dual,1982
Radeon Ryzen 7 PRO 5875U,1982
Radeon HD 5850,1980
Radeon RX 640,1976
Intel Iris Xe MAX,1972
Radeon HD 6850,1969
Radeon Pro WX 4130,1967
Eng Sample: 100-000000371-40_42/18_Y,1965
Radeon R7 + HD 7700 Dual,1962
Quadro K4000M,1961
Radeon 550,1960
Qualcomm Adreno 8cx Gen 3,1959
Radeon HD 7660D + HD 7700 Dual,1958
Radeon Ryzen 3 PRO 7335U,1954
GeForce GTX 470M,1953
GeForce GTX 670MX,1951
Radeon R7 450,1940
Radeon Vega 8 Ryzen 3 3200G,1938
Quadro 5000,1934
GeForce GTX 675M,1929
Ryzen 3 PRO 5350GE with Radeon Graphics,1929
Intel Iris Xe MAX 100,1927
Radeon RX 570X,1923
Radeon Vega 11 Ryzen 5 PRO 3400GE w/,1923
Radeon Vega 11 Ryzen 5 PRO 3400G,1921
Radeon HD 7560D + 7700 Dual,1919
Ryzen 3 5300GE with Radeon Graphics,1917
GeForce GTX 560 SE,1914
Ryzen 5 PRO 7530U with Radeon Graphics,1913
Radeon Ryzen 5 PRO 5675U,1908
Ryzen 3 PRO 4350GE with Radeon Graphics,1906
Matrox C680 PCIe x16,1904
Radeon HD 7700-serie,1899
Ryzen 5 4600U with Radeon Graphics,1897
RadeonT Vega 8,1894
Radeon HD 8670D + HD 7700 Dual,1892
Quadro M520,1886
Intel UHD Graphics 770,1879
GeForce GTX 645,1873
GeForce GTX 460 v2,1872
FirePro 3D V7800,1867
Radeon Ryzen Embedded R2544,1865
GeForce GTX 570M,1864
Qualcomm Adreno 8cx Gen 3 GPU,1864
Radeon Eng Sample: 100-000000287-40_Y,1862
Radeon Vega 8 Ryzen 3 PRO 3200G,1861
Radeon RX 540,1857
Radeon RX Vega 11 Ryzen 7 3750H,1856
Radeon RX Vega 11 Ryzen 5 3350G,1854
Radeon Ryzen 5 7600 6-Core,1854
GeForce 945A,1852
GeForce MX130,1847
Radeon Ryzen Embedded V2748,1842
Radeon Vega 11,1842
FirePro M5100 FireGL V,1839
GeForce MX230,1839
GRID M60-0B,1838
Radeon HD 8570D + HD 7700 Dual,1835
Radeon Pro WX 2100,1831
MxGPU,1826
Radeon RX Vega 10 Ryzen 7 3750H,1825
Radeon RX Vega 11 Processor,1823
FirePro M6000,1820
Radeon R9 M360,1819
Intel Iris Plus,1817
Ryzen 5 4500U with Radeon Graphics,1817
Matrox C900 PCIe x16,1812
Embedded Radeon E9173,1807
Radeon HD 8870M / R9 M270X / M370X,1800
Ryzen 3 PRO 4200G with Radeon Graphics,1799
Radeon Ryzen 5 4600GE with Radeon Graphics,1793
Radeon HD 8670D + 7700 Dual,1789
Radeon RX Vega 10 Ryzen 5 3500U,1778
Radeon Ryzen 3 PRO 5450U,1777
Quadro 5010M,1772
PCI\VEN_1002&DEV_164E&SUBSYS_D0001458&REV_C6 Ryzen,1769
Firepro W5170M,1761
Radeon Ryzen 9 7900X3D 12-Core,1758
GeForce GTX 650,1751
Ryzen 3 PRO 4200GE with Radeon Graphics,1748
Radeon Ryzen 5 7600X 6-Core,1743
GeForce GTX 670M,1743
Ryzen 5 PRO 4650U with Radeon Graphics,1737
Intel Iris Plus 655,1736
Intel UHD Graphics 750,1734
Radeon HD 5830,1734
Radeon Ryzen 9 PRO 7945 12-Core,1731
Radeon R9 M375X,1728
Radeon Vega 8 Ryzen 3 3200GE,1722
GeForce GTX 760M,1720
Ryzen 5 PRO 5675U with Radeon Graphics,1720
Intel Iris Plus 645,1716
FirePro M6000 Mobility Pro,1712
Radeon HD 7750,1703
Radeon HD 6900M,1703
Radeon Ryzen 7 7800X3D 8-Core,1698
Radeon Vega 8 Ryzen 5 3550H,1694
GeForce GT 755M,1689
Radeon E8860,1686
Radeon Eng Sample: 100-000000263-30_Y,1684
Intel UHD Graphics P750,1683
PCI\VEN_1002&DEV_164E&SUBSYS_D0001458&REV_C2 Ryzen,1681
Radeon Ryzen 7 7700 8-Core,1677
Radeon R7 M465X,1676
Radeon RX Vega11 Ryzen 7 3750H,1674
FirePro W600,1671
Radeon R7 M380,1669
Ryzen 3 5425U with Radeon Graphics,1668
Radeon EPYC 4584PX 16-Core,1662
PCI\VEN_1002&DEV_164E&SUBSYS_D0001458&REV_C3 Ryzen,1654
Radeon HD HD7850M,1652
Ryzen 3 7330U with Radeon Graphics,1650
PCI\VEN_1002&DEV_164E&SUBSYS_D0001458&REV_C7 Ryzen,1643
Quadro P400,1642
Radeon RX Vega 10,1640
Radeon Vega 10 Ryzen 7 PRO 3700U w/,1639
Radeon HD 8870M,1638
Quadro K3000M,1638
Radeon EPYC 4344P 8-Core,1635
FirePro M4000 Mobility Pro,1628
Intel Iris Pro P6300,1626
Quadro P500,1624
Radeon EPYC 4484PX 12-Core,1620
Radeon EPYC 4564P 16-Core,1619
Radeon Ryzen 3 7330U,1618
Ryzen 7 2700U with Radeon Vega,1617
GeForce GTX 480M,1617
Radeon HD 6790,1616
Radeon Ryzen 5 PRO 7645 6-Core,1615
Radeon EPYC 4124P 4-Core,1615
Radeon EPYC 4464P 12-Core,1614
Radeon EPYC 4364P 8-Core,1611
Intel UHD Graphics 730,1609
Radeon Ryzen 9 7950X3D 16-Core,1606
FirePro M4000,1605
Radeon RX Vega11,1605
Seria Radeon HD 7700,1604
Ryzen 3 PRO 5450U with Radeon Graphics,1601
Virtual Display Device,1598
Radeon Vega 9,1596
Quadro K2000D,1586
Intel Iris Plus 650,1586
Radeon Vega 8,1583
Radeon Ryzen 7 PRO 7745 8-Core,1582
Quadro K2000,1579
Radeon R9 M275X / M375,1575
Ryzen 3 5400U with Radeon Graphics,1574
Radeon Athlon Gold PRO 4150GE,1574
GeForce GTX 555,1572
Radeon Vega 10,1566
Radeon Ryzen 3 5300U,1564
Radeon Vega 9 Ryzen 5 3550H,1561
Radeon HD 7560D + HD 6670 Dual,1555
GeForce GTX 550 Ti,1551
Radeon RX Vega 10 Ryzen 7 PRO 3700U w/,1547
Radeon Vega 6 Ryzen 3 3350U,1546
Radeon HD 8470D + HD 7500 Dual,1545
Radeon R9 M370X,1544
Ryzen 3 PRO 4300U with Radeon Graphics,1543
Radeon Ryzen 3 PRO 5475U,1541
FirePro V8700,1539
Radeon R9 M275X,1537
Ryzen 3 PRO 4450U with Radeon Graphics,1535
Radeon Ryzen 3 5425U,1528
Ryzen 3 5300U with Radeon Graphics,1528
Radeon Ryzen Embedded V2516,1528
FirePro W4100,1527
GeForce 845M,1524
Radeon 610M Ryzen 9 7945HX,1524
RTXA5000-6Q,1522
Radeon RX Vega 10 Ryzen 7 3700U,1519
GeForce 940MX,1516
GeForce GTX 285,1515
Radeon Vega 9 Ryzen 5 Microsoft Surface Edition,1512
Radeon HD 4890,1508
Radeon Vega 10 Mobile,1507
Radeon HD 7870M,1507
Ryzen 5 2500U with Radeon Vega,1503
Radeon HD 6670 + 7660D Dual,1492
Radeon Vega 8 Ryzen 3 PRO 3200GE w/,1488
Radeon RX Vega 8,1487
Radeon Vega 8 Ryzen 5 PRO 3500U w/,1486
Radeon HD 7660D + HD 6670 Dual,1485
GeForce GT 740,1483
Radeon Ryzen Embedded R2514,1482
Radeon R9 M365X,1482
Quadro 4000,1479
Intel UHD Graphics,1478
Radeon R7 FX-9830P RADEON,1471
Intel Iris Pro Graphics 6200,1466
Radeon R9 255,1457
Ryzen 5 PRO 4400GE with Radeon Graphics,1442
Radeon Eng Sample: 100-000000085-40_35/24_Y,1441
GeForce MX110,1440
Radeon HD 8470D + HD 6670 Dual,1436
GeForce GTX 660M,1436
Radeon Ryzen 7 3700U,1434
Intel Iris 650,1433
Ryzen 3 PRO 5475U with Radeon Graphics,1432
Intel Iris 550,1432
Radeon Ryzen 3 PRO 4355GE,1432
Radeon 540X,1429
Radeon 550X,1429
Radeon HD 7560D + 7670 Dual,1426
Radeon EPYC 4244P 6-Core,1424
Radeon Vega 8 Mobile,1419
Radeon R7 M370,1418
GeForce GTX 275,1417
FirePro W5130M,1410
Radeon Pro WX 4170,1409
Radeon Vega 6 Ryzen 3 PRO 3300U w/,1404
Radeon Vega 8 Ryzen 5 3500U,1400
Radeon RX Vega11 Ryzen 7 Microsoft Surface Edition,1399
Radeon HD 7560D + HD 7670 Dual,1380
Radeon 540,1379
Radeon HD 7850M,1373
Radeon HD 4870,1373
FirePro M40003,1364
Radeon HD 8670D + 6670 Dual,1361
Quadro K2100M,1358
Ryzen 3 4300U with Radeon Graphics,1352
Intel Iris Plus 640,1347
Radeon HD 7560D + HD 7700 Dual,1347
Radeon HD 5770,1344
FireStream 9270,1341
Radeon Vega 3 Athlon Gold 3150G,1334
GeForce GT 750M,1328
GeForce GTS 450,1320
Radeon HD 8670D + HD 7600 Dual,1318
FirePro M5950,1314
Radeon Vega 6,1313
Radeon Vega 6 Ryzen 3 3300U,1312
Radeon R7 PRO A8-8670E,1310
Radeon HD 4870 X2,1309
Tesla M2070-Q,1306
Radeon HD 8790M,1306
Quadro 4000M,1302
TENSOR 1.0 Driver Intel HD 630,1300
GeForce GTX 280,1299
Radeon 630,1294
Radeon R7 PRO A6-9500 R5  8 COMPUTE CORES 2C+6G,1293
GeForce 930MX,1290
Radeon R7 A370,1281
FirePro 3D V8750,1272
Ryzen3 5300U Ryzen 3 5300U,1268
GeForce 930A,1267
Radeon with 3 5300U Ryzen 3 5300U,1266
FirePro V5900,1264
Intel Iris 540,1262
Radeon HD 8570D + HD 6670 Dual,1261
Radeon HD 7560D + HD 7600 Dual,1258
Radeon HD 6770,1250
GeForce GTX 460M,1246
GeForce GTX 560M,1245
Intel UHD Graphics 630,1243
Quadro 2000 D,1239
Radeon HD 8570D + 6570 Dual,1239
Radeon HD 7660D + 6670 Dual,1238
Radeon HD 7560D + HD 6570 Dual,1237
Radeon R7 + R5 340 Dual,1235
Radeon R7 + R7 250 Dual,1232
FirePro 3D V5800,1232
GeForce GT 745A,1228
GeForce GTX 760A,1226
Quadro FX 5800,1223
GeForce GTX 260,1223
Radeon HD 8670D + HD 6670 Dual,1222
Radeon HD 8790M / R9 M290X,1211
FirePro 3D V8700,1206
GeForce GTX 295,1206
Radeon HD 7730,1205
GeForce GT 650M,1205
N16P-GX,1205
Radeon HD 7660D + 7540D Dual,1204
Radeon R9 M270X,1204
Intel HD P630,1204
Radeon Vega 8 Ryzen 5 3450U,1200
Intel Iris Pro 5200,1193
Radeon HD 7750M,1191
Radeon R7 +8G,1191
GeForce GPU,1188
GeForce 840A,1180
NVS 810,1179
FirePro V5800,1176
GeForce GT 640,1175
Radeon R7 Opteron X3421,1169
Quadro K620M,1165
FireStream 9250,1165
Quadro M500M,1164
Radeon HD 5750,1162
Barco MXRT 5400,1161
Intel Coffee Lake UHD,1158
Intel HD P530,1156
Firepro W4190M,1148
Radeon R7 A8-7690K,1141
Radeon HD 8850M / R9 M265X,1140
Radeon R9 M265X,1138
GeForce 830A,1138
Radeon HD 4850 X2,1132
Radeon HD 7560D + 6670 Dual,1131
Radeon HD 8650G + 7700M Dual,1126
GeForce 940M,1122
Radeon HD 7660D + 7500 Dual,1121
RadeonT 610M,1121
FirePro M4170,1119
Radeon R9 M275,1115
Radeon R7 A10-7870K,1113
Intel HD 630,1111
GeForce 940A,1107
Radeon HD 7660D + 6570 Dual,1100
Quadro 2100M,1100
GeForce GT 545,1099
Radeon 610M,1099
Radeon R5 PRO A6-9500 2C+6G,1096
Radeon R7 M465,1095
GeForce GT 745M,1095
Radeon R7 430,1094
Radeon R7 M350,1093
GeForce GTX 850M - MODDED,1092
GeForce 840M,1088
Quadro K1100M,1088
Radeon 625,1083
MIRRORV3,1081
GeForce 920MX,1081
Barco MXRT 5450,1079
Radeon Ryzen 5 3450U,1078
Radeon R7 + R7 200 Dual,1077
Intel UHD Graphics 710,1076
Mobility Radeon HD 5870,1076
Radeon 535,1076
Radeon R7 A12-9800 RADEON,1076
Radeon R7 M460,1071
Radeon HD 8450G + 8600/8700M Dual,1070
Radeon R7 250,1068
Radeon HD 7660D + 7670 Dual,1062
Radeon HD 7520G + 7700M Dual,1061
Firepro M4100,1059
OPAL XT/GL,1053
Radeon HD 7670A,1050
GeForce GTX 850A,1050
Radeon R7 A12-9730P RADEON,1047
Radeon HD 6750,1046
Radeon R7 + R7 240 Dual,1045
Radeon Vega 3 Athlon 300GE,1044
Intel UHD Graphics 620,1044
Radeon HD 8570D + 6670 Dual,1040
Radeon Vega 3 Mobile,1034
Radeon HD 8570D + HD 8570 Dual,1033
Radeon Ryzen Embedded R2314,1032
Radeon HD 8600/8700M,1030
FirePro W4170M,1029
Radeon R7 + R5 330 Dual,1028
Radeon R9 A375,1024
Radeon HD 8670D + R7 240 Dual,1020
Qualcomm Adreno 690 GPU,1018
Radeon 530,1017
Radeon HD 6700M,1017
Radeon R5 A6-9500E 2C+4G,1015
Radeon RX Vega 6,1015
GeForce 930M,1014
Quadro K2000M,1012
Radeon HD 7690M XT,1009
GeForce 830M,1008
Glenfly Arise-GT-10C0,1007
Radeon Vega 3 Athlon 3000G,1005
Radeon HD 7660G + HD 7500/7600 7500/7600 Dual,1002
Radeon R7 340,1000
Radeon HD 8570D + R7 200 Dual,999
Radeon HD 7660G + HD 7500M/7600M Dual,999
Radeon HD 7640G + HD 8750M Dual,997
Radeon R7 A265,994
Radeon HD 8750M,993
Intel HD 530,993
Quadro 3000M,992
Radeon R7 M260X,991
FirePro V4900,988
Radeon HD 7560D + 7570 Dual,985
Radeon R5 PRO A6-8570 R5  8 COMPUTE CORES 2C+6G,985
Radeon HD 8690M,984
Radeon HD 7560D + 7560D Dual,983
Radeon R9 M375,980
Quadro FX 4800,979
Radeon R5 A10-9630P 4C+6G,977
Quadro 2000D,976
Radeon HD 8670D + 8570 Dual,974
Radeon HD 8850M,973
Radeon R7 PRO A10-9700E,971
Radeon R6 A10-9600P 4C+6G,970
Radeon R7 A10-7850K,968
Radeon R7 A10-9700E RADEON,968
Radeon HD 7660G N HD 7660G + HD 7700M N HD 7700M D,967
Radeon HD 6770M,964
Radeon HD 8570D + R7 240 Dual,964
Radeon R7 M270DX,962
FirePro M4150,961
TENSOR 1.0 Driver Intel HD 530,958
Radeon R7 PRO A12-9800E,957
Radeon R6 Opteron X3418,955
Radeon HD 8670D + R7 200 Dual,950
Radeon HD 8570 + HD 7660D Dual,949
Quadro 2000,948
Quadro CX,947
Radeon HD 6670/7670,946
Radeon HD 7640G + 7690M Dual,946
Radeon R7 PRO A10-8850B,945
zxcvIntel HD 620,944
Radeon R7 M445,943
Radeon HD 8570,943
Radeon HD 7660D + R7 240 Dual,942
Radeon HD 6750M,937
Radeon HD 7560D + HD 8570 Dual,936
Radeon R5 340,935
Radeon Vega 3 Athlon PRO 300GE w/,935
Radeon HD 4850,933
Radeon HD 7660G + 7730M Dual,931
Radeon R7 A10-9700 RADEON,931
Radeon R7 240 + HD 8670D Dual,930
GeForce GT 645M,930
Radeon R7 A10-7860K,927
Intel HD Graphics 620,926
Intel Iris Pro 6100,925
Radeon R5 A6-9500 RADEON R5  8 COMPUTE CORES 2C+6G,922
Radeon Vega 3 Athlon Gold PRO 3150GE,920
Radeon R7 PRO A12-8870E,920
GeForce GT 640M,919
Radeon R7 240 + HD 8570D Dual,918
Radeon R5 430,917
Radeon R7 A12-9800E RADEON,913
Radeon R7 A8-8650,913
GRID K220Q,912
GRID M6-0B,912
Radeon 6750M,911
Radeon HD 7690M,909
Radeon HD 4770,908
Radeon R7 A8-7500,908
GRID P40-6Q,905
Radeon R7 PRO A12-8870,905
Radeon R7 240,904
Radeon R7 M440,902
Radeon HD 8550G + 7600M Dual,901
Barco MXRT 7400,901
Barco MXRT 2600,900
Radeon R7 PRO A10-8770,900
Intel UHD Graphics 617,898
Radeon R7 + R5 Dual,898
Radeon 620,897
Intel Iris 6100,896
Radeon R7 PRO A8-9600,893
7900 MOD - Radeon HD 6550D,893
Qualcomm Adreno 685 GPU,893
Radeon Vega 3,889
Radeon R7 + R5 435 Dual A10-9700 RADEON,886
Radeon HD 8650G + 7670M Dual,884
Radeon R7 A10 PRO-7850B,882
Radeon HD 7660G + HD 7730M Dual,882
Radeon R7 PRO A12-9800,877
FirePro W2100,877
Radeon E6760,877
GRID M10-0B,871
Radeon R7 G,870
Radeon HD 8570D + HD 6570 Dual,868
Intel HD 520,867
Radeon 520,866
Mobility Radeon HD 4850,866
Radeon HD 8470D + HD 6450 Dual,863
Radeon Vega 3 Athlon 300U,862
Intel HD 6000,860
Radeon R7 A10-8750,856
Radeon Vega 3 Athlon Silver 3050U,856
Radeon R7 A10-7890K,854
FirePro 3D V4800,854
Radeon R5 A6-9500 2C+6G,853
Radeon R7 A8-7500 4C+6G,853
Radeon HD 8500M/8700M,853
Radeon R5 435,851
Radeon R7 A8-7670K,849
Radeon R5 PRO A6-8570 2C+6G,847
Radeon Vega 3 Ryzen 3 3200U,843
GeForce 920A,840
FireGL V8600,839
Radeon HD 8470D + 6570 Dual,838
Radeon HD 8670D + R5 235 Dual,837
Radeon HD 4830,836
Radeon HD 6650A,836
GeForce GT 730,835
Radeon HD 7560D + 6570 Dual,833
GeForce GT 635,833
Radeon HD 7520G + HD 7500/7600 Dual,832
Radeon HD 8650G + 8600/8700M Dual,832
Radeon HD 7660G + 7600M Dual,832
Intel HD 5200,830
Radeon R7 FX-8800P,830
Radeon R7 PRO A10-8770E,828
Radeon R7 A10 PRO-7800B,828
GRID M60-0Q,827
Radeon R7 A8-9600 RADEON,824
Radeon HD 7640G N HD 7640G + HD 7600M N HD 7600M D,824
L40S,824
Radeon HD 3850 X2,822
Radeon R7 A8-7680,822
Radeon HD 7540D + 7500 Dual,822
Radeon HD 8650G + HD 7600M Dual,820
Radeon HD 8550G + HD 8750M Dual,819
Radeon R7 M260DX,817
Radeon R7 A10 Extreme Edition,816
GeForce GT 730M,815
Radeon R9 M280X,814
Radeon HD 7670,814
Radeon HD 8670D + 7000 Dual,812
GeForce GT 445M,811
Radeon R5 PRO A6-9500 R5  8 COMPUTE CORES 2C+6G,810
Radeon Vega 3 Ryzen 3 3250U,806
Radeon HD 5670,805
Radeon HD 8550G + 8600/8700M Dual,803
Radeon R5 M435,800
Radeon HD 8650G + HD 8790M Dual,800
Radeon HD 6800M,799
Radeon R7 PRO A10-9700,799
GeForce 9800 GX2,798
Quadro FX 3800,797
Radeon R8 M445DX,797
Radeon HD 8650G N HD 8650G + HD 8600/8700M Dual,796
Radeon HD 8550G + 8750M Dual,796
GRID M10-0Q,796
GeForce GT 740M,792
Radeon 535DX,788
Radeon Ryzen 3 3250U,788
A40-6Q,787
Radeon HD 8650G + 8750M Dual,787
Radeon R7 A8-7600,786
Quadro 2000M,783
GeForce 825M,782
Quadro K1000M,781
Radeon R7 PRO A6-9500 2C+6G,781
Radeon R7 A365,781
Radeon RX Vega 6 Ryzen 3 3200U,781
Radeon R7 A10-7700K,779
Radeon HD 7660G + HD 7700M Dual,777
Radeon HD 7640G + 7500M/7600M Dual,776
Radeon R7 M365X,774
Radeon Athlon Gold 3150U,774
Radeon HD 7600M + 7600M Dual,773
Radeon HD 8650G N HD 8650G + HD 8570M Dual,773
Mobility Radeon HD 5000,773
Radeon R7 A10-8850,773
GeForce 730A,772
Radeon R5 PRO A6-9500E 2C+4G,771
GeForce GT 440,770
Radeon HD 4810,769
GeForce 9800 GTX,769
Radeon R7 PRO A10-8750B,768
Radeon R7 M270,767
Radeon HD 7730M,766
Radeon HD 8650G + HD 8600/8700M Dual,764
Mobility Radeon HD 5850,763
Radeon HD 6450 + 8470D Dual,763
Radeon HD 8730M,761
Qualcomm Adreno 680 GPU,761
Radeon HD 7660G + HD 7500/7600 Dual,760
Radeon HD 7660G + HD 8500M Dual,758
Radeon HD 8650G + HD 8600M N HD 8600M Dual,758
Radeon HD 7660G + 7700M Dual,757
Quadro 1100M,755
Radeon HD 7640G + 7450M Dual,754
Radeon HD 8570D + HD 7000 Dual,753
Radeon HD 6650M,753
Radeon R5 A10-9630P RADEON R5  10 COMPUTE CORES 4C,751
IncrediblE HD 4600,750
Radeon M535DX,750
Qualcomm Adreno 7c Gen 3 GPU,749
Radeon HD 7640G + 7650M Dual,747
Radeon HD 7660G + HD 8600/8700M Dual,747
Radeon HD 8670D + R5 330 Dual,746
Radeon HD 7660G + 7610M Dual,746
Radeon R7 A8-7650K,745
Intel Iris 5100,745
Quadro K420,744
Radeon R5 235 + HD 7560D Dual,744
Radeon HD 7660G + 7670M Dual,743
GeForce GT 730A,743
Radeon HD 8650G + 7600M Dual,742
Quadro K600,742
Intel UHD Graphics 615,740
Intel Poison Ivy,739
GeForce GT 340,738
Radeon HD 7670M + 7670M Dual,738
Radeon R5 235 + HD 8570D Dual,738
Radeon R7 A12-9720P RADEON,733
Quadro K610M,732
Radeon R5 A10-9620P 4C+6G,732
Radeon HD 6670,729
Radeon HD 7550M/7650M,729
Radeon R7 A12-9700P RADEON,728
GRID K140Q,728
Radeon R5 A6-9500E RADEON R5  6 COMPUTE CORES 2C+4,727
Radeon Vega 3 Ryzen Embedded R1505G,725
Radeon R7 FX-9800P RADEON,723
Radeon HD 7660G N HD 7660G + HD 7600M N HD 7600M D,723
Radeon HD 8650G + R5 M200 Dual,723
Mi Pad 5 Adreno 640 GPU,722
GeForce 920M,722
Asus GTX 650 FML II EC-EGPU,721
Mobility Radeon HD 4870,720
Radeon HD 7540D + 6570 Dual,720
Radeon R7 PRO A8-8650B,719
Radeon HD 8670D + HD 7000 Dual,719
Radeon HD 8470D + 6450 Dual,717
Radeon R7 A10-7800,717
Radeon HD 8650G + HD 8570M Dual,716
Intel UHD Graphics 610,715
Radeon Vega 3 Athlon 320GE,715
Radeon HD 7660G + HD 8670M Dual,711
Intel HD 615,711
Radeon HD 3870 X2,709
Radeon HD 6550A,708
Radeon HD 7660G + HD 7670M Dual,707
Radeon HD 7640G + 7600M Dual,706
Radeon HD 7660G N HD 7660G + HD 7670M Dual,705
Radeon HD 7640G + HD 7600M Dual,704
Radeon R7 PRO A12-9800B,702
GeForce GT 640M LE,702
NVS 510,699
TRINITY DEVASTATOR MOBILE,699
Radeon HD 7570M/HD 7670M,699
Radeon R5 A6-7480,698
Radeon R5 A10-9600P RADEON R5  10 COMPUTE CORES 4C,697
Radeon R5 PRO A10-8730B 4C+6G,695
Radeon R5 PRO A6-9500B 2C+4G,693
Radeon HD 7640G + 7700M Dual,691
Intel HD 610,690
Radeon R5 PRO A6-8570E R5  6 COMPUTE CORES 2C+4G,690
Radeon R5 PRO A6-8530B 2C+4G,690
Radeon HD 7640G + 8600/8700M Dual,689
Radeon HD 8650G + R5 M230 Dual,686
Radeon Athlon Silver 3050U,685
Radeon HD 6630M,685
Radeon R5 A10-9620P RADEON R5  10 COMPUTE CORES 4C,683
GRID P40-3Q,681
Radeon HD 8650G N HD 8650G + HD 8600M N HD 8600M D,680
Radeon HD 7640G N HD 7640G + HD 7670M Dual,680
GeForce GTS 160M,679
GeForce GT 630,678
Radeon HD 7640G + HD 8670M Dual,677
Radeon HD 8610G + R5 M200 Dual,676
Quadro FX 4700 X2,676
Radeon R7 A8 PRO-7600B,671
Radeon R8 M535DX,670
GeForce GT 740A,668
Radeon HD 7640G + HD 8500M N HD 8500M Dual,666
FirePro M7740,665
Radeon HD 8550G + 8690M Dual,664
GeForce GT 530,664
FireGL V7700,660
Radeon HD 2900 XT,660
Radeon R5 PRO A8-9600B 4C+6G,659
Radeon R7 M340,658
GeForce GT 140,658
Radeon HD 7640G + 8750M Dual,655
GeForce GT 555M,655
Radeon HD 8550G + HD 8600/8700M Dual,655
Radeon HD 8650G + 8570M Dual,654
GeForce GTS 360M,654
Radeon HD 8650G + HD 8750M Dual,652
Radeon HD 7520G + HD 8750M Dual,651
GRID K1,651
SUMO 9640,650
Radeon R5 M430,649
Radeon R8 M365DX,647
FireStream 9170,647
Radeon HD 6670 + 6670 Dual,647
Radeon HD 8610G + HD 8500M Dual,646
Radeon HD 7640G + 7670M Dual,645
Radeon HD 7540D + HD 6450 Dual,643
GeForce 8800 Ultra,643
FirePro V3900,642
Quadro K510M,641
GeForce GT 735M,639
Radeon R5 PRO A6-8570E 2C+4G,638
Radeon HD 7640G + 7400M Dual,637
Radeon HD 8450G + 8750M Dual,637
GeForce GTX 285M,636
GeForce 9800 S,636
Radeon HD 8650G + 8670M Dual,635
Intel HD P4600/P4700,635
Radeon HD 8650G + HD 7670M Dual,634
Radeon HD 7660D + HD 7000 Dual,634
Radeon HD 5600/5700,634
Intel HD 515,633
Radeon HD 7610M,632
Radeon HD 7640G + HD 7700M N HD 7700M Dual,631
Radeon HD 7660G + 7470M Dual,631
Radeon HD 8510G + HD 8500M Dual,630
GeForce GT 710,630
Radeon R7 PRO A10-9700B,629
GRID K160Q,628
Intel HD 4600,628
Radeon HD 2900 PRO,628
Radeon HD 7640G + 7500/7600 Dual,627
Radeon HD 8650G + 8500M Dual,627
NVS 5400M,626
Intel HD 510,625
Radeon HD 7520G + HD 8600/8700M Dual,624
GeForce 810A,622
Radeon HD 7640G + HD 7400M Dual,621
Radeon HD 8570 + 8670D Dual,620
Radeon HD 8550G + R5 M200 Dual,619
Radeon R5 A10-9600P 4C+6G,619
Radeon R6,618
Radeon HD 8550G + 8600M Dual,618
Radeon HD 7500G + 7500M/7600M Dual,617
Radeon HD 7570,616
FireGL V7600,616
GeForce 720A,614
Radeon HD 8650G + 8600M Dual,613
Radeon R5 PRO A10-8730B R5  10 COMPUTE CORES 4C+6G,612
Radeon HD 8550G N HD 8550G + HD 8600M N HD 8600M D,612
GeForce GT 720,611
7900 MOD - Radeon HD 6520G,610
Radeon HD 8610G + 8500M Dual,610
GeForce 9800 GTX/9800 GTX+,608
Radeon R7 A360,608
Radeon HD 7640G + HD 8500M Dual,607
Radeon HD 8650G + HD 8600M Dual,606
Radeon R6 M255DX,605
Radeon R5 A6-9400 RADEON R5  6 COMPUTE CORES 2C+4G,605
Intel HD P4600,605
Radeon HD 8550G + 8500M Dual,603
GeForce 910M,601
GeForce GT 430,601
Radeon HD 8610G + 8670M Dual,600
GeForce GTS 250,599
Radeon R7 PRO A12-8800B,597
Radeon Vega 3 Athlon Gold 3150U,597
Matrox C420 LP PCIe x16,597
Radeon HD 8510G + 8500M Dual,596
Radeon R5 M330,596
Radeon HD 7640G + 7470M Dual,595
Qualcomm Adreno 7c+ Gen 3,594
Radeon R7 PRO A12-8830B,594
Radeon HD 8550G + HD 8600M Dual,594
Surface Duo Adreno 640 GPU,592
Radeon HD 7520G + 7600M Dual,591
Radeon R6 PRO A8-8600B R6  10 Compute Cores 4C+6G,590
GeForce 8800 GTX,590
Radeon HD 7640G + HD 7700M Dual,589
Intel HD 5500,589
Radeon HD 8610G + 8600M Dual,589
Radeon HD 7520G + 7610M Dual,588
Radeon HD 7660G + 7400M Dual,588
Radeon HD 7660G + 8670M Dual,588
Radeon HD 7640G + HD 8600/8700M Dual,587
Radeon R5 A6-8500P,587
Radeon HD 7640G + 8500M Dual,586
Quadro FX 3800M,586
Radeon HD 8650G + HD 8670M Dual,585
Intel HD 5000,585
Radeon R7 A8-7A8-7600,583
Radeon HD 7520G + 7500/7600 Dual,582
Radeon HD 8550G + 8670M Dual,579
Radeon HD 8450G + R5 M230 Dual,578
Radeon HD 8610G + HD 8670M Dual,578
Radeon HD 7620G + 8670M Dual,577
Intel Skylake HD DT GT2,577
Radeon R5 A240,576
GeForce GTX 280M,576
Radeon HD 7520G + HD 7700M Dual,575
Radeon R5 420,575
Radeon HD 7520G N HD 7520G + HD 7500/7600 7500/760,575
GeForce GT 720A,574
GeForce GT 550M,573
Quadro 500M,571
Radeon Vega 3 3020e,571
Radeon HD 7650A,571
Radeon R6 + R7 M265DX Dual,571
Quadro 1000M,570
Radeon R7 M360,570
Radeon HD 7560D + 6450 Dual,569
GeForce 8800 GTS 512,568
GeForce GT 820M,568
Radeon HD 8550D,567
Radeon HD 6610M,565
Radeon R7E,565
Radeon HD 7560D + R5 235 Dual,563
GeForce GT 635M,562
Radeon HD 7640G + R5 M200 Dual,559
Radeon HD 8550G + HD 8500M Dual,559
Radeon HD 7640G + 8670M Dual,558
Radeon HD 7640G + 8570M Dual,558
GeForce GTS 240,556
GeForce 820A,556
Radeon HD 6570,555
Radeon Athlon PRO 3045B,555
Radeon HD 3870,555
GeForce 9800M GS,555
GF117,554
GeForce GTS 250M,554
Radeon R5 PRO A8-9600B R5  10 COMPUTE CORES 4C+6G,553
Radeon R7 7850A10-7850K,551
FireGL V8650,550
Radeon R5 M335,549
Radeon HD 8550G + HD 7600M Dual,548
Mobility Radeon HD 3870,548
FirePro 3D V5700,547
Radeon HD 8550G + HD 8670M Dual,546
Radeon R7 M265,546
GeForce 615,546
Radeon HD 8450G + 8600M Dual,545
FirePro 3D V7750,545
Radeon HD 7520G + HD 7400M Dual,545
Radeon Vega 2 Athlon Silver 3050U,544
Radeon HD 7600G + HD 8670M Dual,544
Quadro FX 2700,543
Radeon HD 7520G + 7470M Dual,543
Radeon R5 240,542
Radeon R6 A10-8700P,541
GeForce GT 630M,541
Radeon R6 PRO A10-8700B R6  10 Compute Cores 4C+6G,540
Qualcomm Adreno 675 GPU,540
Radeon R6 PRO A10-8700B 4C+6G,538
GeForce GT 435M,536
Radeon HD 7560D + HD 7000 Dual,534
Radeon R5 M255,534
Quadro 600,534
GRID K180Q,534
Radeon HD 8550G + 8570M Dual,533
Radeon R6 PRO A8-8600B 4C+6G,532
RADEON HD6530D,532
Radeon HD 8670D,530
Radeon HD 8550G + HD 8570M Dual,529
Radeon HD 8650G,529
GeForce GT 425M,528
Mobility Radeon HD 5570,528
Radeon HD 7640G + 6400M Dual,527
Radeon HD 7600G N HD 7600G + HD ON HD Dual,526
Quadro FX 5600,525
Radeon HD 7660D + R5 235 Dual,524
Radeon 6600M,524
Radeon HD 7660G + HD 7600M Dual,523
Radeon HD 7520G + 7670M Dual,523
Intel UHD 630,523
Intel HD 4400,521
Radeon R5 330,521
MCT USB3.0 External Device,520
Radeon HD 8670M,520
Radeon HD 7640G + HD 7670M Dual,519
IncrediblE HD 4000,517
Intel HD P4000,516
NVS 5200M,513
Mobility Radeon HD 4830,512
GeForce GT 240,511
Radeon HD 7640G + 7610M Dual,510
Radeon HD 7600G + HD 7550M Dual,509
Radeon HD 7620G + 8600M Dual,509
Radeon R5 PRO A6-8500B 2C+4G,508
Radeon Vega 3 Athlon Silver 3050e,508
Radeon HD 7620G + HD 8670M Dual,507
GeForce 9800 GTX+,507
Radeon Vega 2,506
GeForce GTS 150M,504
Radeon HD 8450G + HD 8750M Dual,504
Radeon HD 7660D,503
Mobility Radeon HD 5730,501
Radeon R7 M265DX,499
Radeon HD 8690A,499
TRINITY SCRAPPER MOBILE,498
SUMO 964A,498
Radeon HD 7500G + 7550M Dual,497
Radeon R7 M260,497
GeForce 820M,497
ASUS EAH4870x2,496
Radeon HD 7520G + HD 7670M Dual,495
Radeon HD8530M,490
Radeon HD 8670D N HD 8670D + HD 8670D Dual,489
Radeon HD 8550G + R5 M230 Dual,488
GeForce 9600 GT,487
Radeon R4E,487
Radeon HD 7520G + 7400M Dual,487
Radeon R5 M420,487
GeForce 8800 GT,483
Radeon HD 8610G + HD 8600M Dual,481
Quadro K500M,480
Radeon HD 5570,480
GeForce GT 540M,479
Mobility Radeon HD 5000 Serisi,479
GeForce GT 625M,479
Radeon R5 PRO A6-8500B R5  6 Compute Cores 2C+4G,478
Mobility Radeon HD 3870 X2,478
Radeon HD 8450G + HD 8670M Dual,478
Radeon HD 7600G + HD 7500M/7600M Dual,477
GeForce 800A,477
Radeon HD 7660G,476
GeForce 710A,475
Radeon HD 7670M,475
Radeon R6 A8-8600P,475
Radeon HD 8450G + 8670M Dual,475
Radeon HD 7640G + HD 8570M Dual,475
Radeon R5 M315,474
FirePro 3D V3800,472
Radeon HD 8570D + R5 235 Dual,471
Quadro FX 3600M,467
Quadro FX 1800M,467
SUMO 9644,466
Radeon HD 7660D + 7470 Dual,466
Radeon HD 7550M,465
FirePro V5700,465
Mobility Radeon HD 4670,463
GeForce 9800 GT,463
GeForce 8800M GTX,462
GeForce GT 720M,461
GeForce GT 320,461
GeForce GT 525M,461
Radeon HD 7660G + HD 7600M N HD 7600M Dual,460
GeForce 710M,460
Intel HD Family,460
Radeon 3020e,460
Radeon HD 7640G,460
GeForce 800M,457
Radeon HD 7560D,457
GeForce GT625M,457
Quadro FX 3700M,456
GeForce 705M,456
GeForce 9800M GTX,454
Radeon HD 7520G + 7650M Dual,453
Radeon HD 8450G + HD 8600M Dual,452
Radeon HD 7620G N HD 7620G + HD 8600M N HD 8600M D,452
Radeon R5 M240,450
Radeon R5 M320,449
Mobility Radeon HD 5650,449
Radeon HD 7520G + HD 7600M Dual,447
Radeon HD 7660G + 8600M Dual,446
GeForce GT 710M,446
PHDGD Ivy 5,445
Radeon HD 8570D,443
Radeon HD 7620G + HD 8600M Dual,443
Radeon HD 7650M,442
Radeon HD 8570M,441
Quadro 410,438
Radeon HD 7600G + HD Dual,435
Radeon HD 8410G,435
GeForce GT 620M,434
Radeon HD 3850 AGP,432
Quadro FX 4600,431
Radeon HD 7570M,428
Radeon HD 8610G,426
FirePro M2000,425
GeForce GT 420,424
Radeon HD 7640G + HD 7500/7600 Dual,424
Radeon HD 7600G + 7550M Dual,423
RADEON HD6410D,423
Radeon HD 7640G N HD 7640G + HD 8570M Dual,423
Radeon R7 Eng Sample: ZM2111C1Y4382_34/21/13/06_98,422
Radeon HD 8500M,420
Intel 4th Generation Haswell HD,420
GeForce 8800 GTS,417
Quadro FX 2800M,415
Radeon R5 M230,413
GeForce 810M,411
Radeon HD 8550G,411
Radeon R5 PRO A6-9500B R5  6 COMPUTE CORES 2C+4G,408
GeForce GTS 350M,408
Radeon HD 7470M,408
Radeon HD 7640G + HD 7600M N HD 7600M Dual,407
Radeon HD 7600G + 7500M/7600M Dual,406
RADEON E4690,405
GeForce GT 420M,405
Quadro FX 1800,402
Mobility Radeon HD 4650,401
Radeon HD 6550D,401
Radeon HD 8650D,396
GeForce GT 330,395
Radeon R5 Opteron X3216,394
Intel HD 5300,394
Radeon HD 3850,393
Radeon HD 7600G + 7450M Dual,390
IncrediblE HD,389
GeForce 7900 GTX,388
GeForce GT 335M,382
GeForce 8800M GTS,382
GeForce 9800M GT,381
GeForce GT 130,381
Radeon HD 4670,380
GeForce GTX 260M,379
Quadro FX 3700,378
Radeon HD 6490M,378
GeForce GT 620,377
Radeon HD 7520G + 8750M Dual,377
Radeon HD 7600G + 6400M Dual,377
Radeon HD 5550,377
GeForce 9800M GTS,376
GRID P4-1Q,375
Radeon HD 8570D + HD8490 Dual,374
PHDGD Ivy 4,374
Radeon 3015e,371
Quadro FX 2700M,370
Intel UHD Graphics 605,370
GeForce GT 610M / GT 620M / GT 710M / GT 720M / GT,369
Radeon HD 8470D,368
Matrox Millennium P690 PCIe x16,367
Radeon HD4670,366
Mobility Radeon HD 3850,366
Radeon HD 7520G N HD 7520G + HD 7600M N HD 7600M D,365
Radeon HD 7620G,364
Radeon HD 7660G + HD 8600M Dual,364
Radeon HD 8510G,359
Radeon Vega 3 Ryzen Embedded R1305G,359
Intel HD 505,357
Radeon HD 7500G + HD 7500M/7600M Dual,356
GeForce GT 625,353
Radeon HD 6480M,353
Mobility Radeon HD 565v,353
ZX C-1080,352
Radeon HD 7580D,351
Radeon HD 8450G,349
Radeon R5 PRO A6-8530B R5  6 COMPUTE CORES 2C+4G,346
Intel HD 4000,345
GeForce 7950 GT,344
FirePro 3D V3750,341
Radeon HD 6620G,341
FireGL V5600,341
Radeon HD 8310E,341
Radeon HD 7660D + HD 7400 Dual,340
Radeon HD 8570D + HD 8470 Dual,338
Radeon HD 6530D,337
Radeon R5 235,336
FirePro RG220,335
Radeon R4,335
Radeon HD 7600G + 8500M/8700M Dual,334
Radeon HD 7540D,332
Radeon R5 310,332
GeForce GT 705,331
GeForce 8800 GS,330
GeForce 9600 GSO 512,330
Radeon HD 7450M,330
Radeon HD 7600G + HD 7400M Dual,329
Radeon HD 7600G,327
GeForce 9600 GSO,327
GeForce GT 120 / 9500 GT,325
Radeon E6460,324
GeForce GT 230,323
Intel UHD Graphics 600,321
FirePro V3800,321
RADEON HD6370D,320
GeForce 240M GT,320
Mobility Radeon HD 560v,318
GeForce 605,317
Radeon HD 7520G,316
Radeon HD 8370D,312
Radeon HD 7520G + 8600/8700M Dual,311
GeForce GT 520,309
GeForce GT 610,309
Radeon HD 7420G,309
Radeon HD 7500G,308
Quadro FX 3500M,306
Radeon R3,305
Radeon HD 8350G,304
Microsoft Basic Display Adapter Ryzen 5 5600G,302
NVS 315,302
Radeon R1E,301
Radeon R5E,300
Radeon HD 6520G,300
Intel HD 500,299
GRID K120Q,293
GeForce 9600M GT / GeForce GT 220M,293
Radeon HD 2900 GT,292
GeForce 610M,292
IncrediblE HD 3000,291
GeForce 7800 GTX,291
Radeon HD 7470,289
Radeon HD 7450A,288
GeForce 7950 Xtreme,288
GeForce GT 415M,286
Mobility Radeon HD 5165,284
Qualcomm Adreno 630 GPU,283
Radeon HD 2600 XT,283
GeForce 9600 GS,282
GeForce GT 520M,281
GeForce GT 520MX,281
Radeon HD 7480D,279
GeForce 9700M GTS,278
Radeon R5 235X,277
NVS 4200M,277
Radeon HD 6370M,276
Radeon HD 8400E,276
Intel HD P3000,276
GeForce Go 7900 GTX,270
GeForce 9650M GS,270
Radeon HD 8280G,270
Radeon HD 5470,268
Radeon HD 7400G,267
Mobility Radeon HD 550v,266
Radeon HD 8400,266
GeForce Go 7950 GTX,264
Radeon HD 8490,263
Radeon HD 8280,261
Radeon HD 8330,261
Radeon HD 6450A,260
Quadro FX 3500,260
GeForce 7900 GT,258
RDPDD Chained DD,258
GeForce 410M,257
Radeon HD 6480G,257
Radeon HD 8280E,256
Intel HD 3000,256
Radeon HD 6370D,255
GeForce 510,255
GeForce 7900 GS,254
Radeon HD 8470,252
GeForce GT 415,251
Radeon HD 8330E,251
Radeon HD 7640G + 8600M Dual,250
GeForce 7900 GT/GTO,247
NVS 310,247
CARRIZO 9874,247
Radeon HD 8240,246
Radeon R2,246
GeForce 7800 GT,244
Quadro FX 5500,242
Radeon HD4650,240
Radeon HD 4650,239
Radeon HD 7640G + R5 M230 Dual,239
Quadro NVS 510M,238
Radeon HD 6410D,237
Mobility Radeon HD 5470,236
Quadro FX 4500 X2,236
Mobile Intel HD,236
Radeon HD 4550,236
Quadro FX 570,232
Mobility Radeon HD 3670,232
Radeon E6465,231
Quadro NVS 290,228
Radeon HD 6470M,227
Quadro FX 4500,227
Radeon HD 7450,225
GT 430,223
Intel G965 Express,223
Radeon R5 230,222
Radeon HD 7340M,221
Quadro FX 770M,221
A6 Micro-6500T Quad-Core APU with RadeonR4,220
Mobility FireGL V5725,219
Quadro FX 2500M,218
Radeon HD 8250,217
GeForce 7600 GT,217
GeForce GT 220,217
Radeon HD 6320 Graphic,216
Mobility Radeon. HD 5470,215
Quadro FX 880M,215
Mobility Radeon HD 5450,214
GeForce GT 330M,214
GeForce GT 240M,213
Intel HD 2000,213
Radeon R2E,212
GeForce GT 230M,212
Radeon HD 2600 PRO,211
GeForce Go 7600 GT,210
GeForce 320M,210
GeForce Go 7800 GTX,210
GeForce 9700M GT,209
Quadro NVS 320M,208
Radeon HD 4650 AGP,208
Radeon R3E,206
Barco MXRT 1450,206
Intel 2nd Generation SandyBridge HD 3000,205
GeForce 7950 GX2,202
Intel Q45/Q43 Express Chipset,201
Radeon HD 6380G,201
Mobility Radeon HD 545v,200
RADEON HD7450,199
Radeon HD 6320M,198
Radeon HD 6450,198
Radeon HD 7340G,196
Intel Infoshock HD,194
Radeon HD 8210E,194
Radeon HD 6430M,193
Mobility Radeon HD 2600 XT,192
GeForce 6800 GS,192
Mobility Radeon HD 4550,191
Mobility Radeon HD 540v,188
NVS 5100M,188
Radeon HD 8210,187
GeForce 9500 GS,187
GeForce G100,185
Mobility Radeon HD 5430,181
Radeon HD 7310G,181
Barco MXRT 7100,180
FireGL V3600,180
Quadro FX 3450/4000 SDI,179
Radeon HD 6230,179
FirePro 3D V3700,179
GeForce 7800 GS,177
GeForce Go 7900 GS,176
Mobility Radeon HD 530v,175
Radeon HD 7310 - Carte graphique,174
Quadro FX 1700M,173
Intel Q965/Q963 Express,173
Quadro FX 1500M,171
Radeon HDG 4670,170
FirePro 2460,170
GeForce GT 325M,170
Quadro FX 1500,170
Intel 2nd Generation SandyBridge HD,169
GeForce GT 120,169
GeForce 9200,169
Mobility Radeon HD 2600,168
GeForce G102M,168
Radeon HD 7310M,166
Intel HD manual-gen9_2015-133271,165
Radeon HD 7350,165
Radeon HD 8350,163
Quadro FX 580,161
Intel 3rd Generation IvyBridge HD GT1,161
Quadro FX 1700,160
Radeon HD 3670,160
GeForce 9500 GT,160
GeForce 315,159
Quadro FX 380,157
GeForce 7600 GS,157
Radeon HD 3450,157
GeForce 8200,156
Radeon HD 4300/4500 Serisi,156
Radeon HD 7340,153
Radeon X1950 CrossFire Edition,151
GeForce 8400 GS,151
GeForce GT 120M,151
GeForce 305M,151
Radeon HD 3650 AGP,150
GeForce 8600 GTS,150
Quadro FX 3450,149
Quadro 400,148
Mobility Radeon HD 4350,148
Radeon R5 220,148
Radeon HD 6320,148
GeForce Go 7700,148
ZX Chrome 645/640 GPU,147
S3 5400EW,146
GeForce GT 130M,146
Radeon X1900 GT,146
GeForce 9400 GT,145
Radeon HD 6300M,144
GeForce 6600 GT,144
GeForce 9200M GE,144
FirePro 2270,142
Mobility Radeon HD 4570,142
GeForce 6800 GT,142
EG PARK,141
RADEON HD 6350,141
Radeon HD 4290,141
Radeon X1800 GTO,141
Radeon HD 6290M,140
Mobility Radeon HD 3650,140
nForce 760i SLI,140
NVS 2100M,140
Intel Haswell HD - GT2,139
GeForce 6800 Ultra,139
Radeon HD 8180,139
GeForce Go 6800 Ultra,138
Quadro NVS 160M,138
GeForce 9650M GT,137
Radeon X1900 CrossFire Edition,137
GeForce 7300 GT,137
Radeon HD 5450,136
GeForce 8500 GT,136
GeForce G200,136
GeForce 9600M GT,136
Mobility Radeon HD 4330,135
Mobility Radeon X1900,135
Intel B43 Express Chipset,135
GeForce 9800 GT 1024MB,134
EAH5450,134
GeForce 9500M GS,134
GeForce 7650 GS,134
Radeon HD 4350,132
VIA/S3G C-645/640 GPU,132
Quadro FX 1600M,131
MOBILITY RADEON X1800,130
RADEON X800 SE,130
GeForce 9300 / nForce 730i,129
Radeon HD 7310,129
FireGL V7300,128
GeForce Go 7600,128
All-in-Wonder X1900,127
GeForce 9300,127
Radeon HD 3300,127
Qualcomm Adreno 618 GPU,127
GeForce 205,126
Seria Mobility Radeon HD 3400,125
GeForce 8700M GT,124
Quadro FX 1400,124
GeForce G105M,124
GeForce 8600 GT,124
Radeon HD 7290M,123
GeForce 6800 XT,123
Intel Haswell HD - GT1,123
Quadro FX 380 LP,123
Radeon HD 4250,123
Intel G41 Express Chipset,122
Radeon HD 6310,122
GeForce GT 220M,122
NVS 300,122
GeForce 9500M G,122
Quadro FX 380M,121
Radeon HD 2400,121
GeForce 405,120
Extreme AX850 PRO,120
GeForce 310,120
Radeon HD 2400 XT,119
RV530 PRO,119
Radeon HD 3470,119
Qualcomm Adreno 540 GPU,119
GeForce 505,118
GeForce 9600M GS,118
FireMV 2260,117
Mobile Intel 45 Express-Chipsatzfamilie,117
PHDGD Quantic C3,117
Radeon X1700 Targa Edition,117
GeForce G210M,117
FireGL V7200,116
GeForce 310M,116
Radeon X1600 XT,116
Radeon HD 4330,115
GeForce 8300 GS,115
GeForce 315M,115
RADEON X800 GTO,115
GeForce Go 7800,115
NVS 3100M,115
FireGL V5200,115
Radeon HD 2400 Pro,114
Quadro FX 560,114
Radeon X1950 Pro,113
FirePro 2260,113
GeForce 6800,113
Sapphire RADEON X800 GT,113
GeForce 210,113
Intel HD Modded,112
Radeon HD 7290,112
Radeon HD 4200,112
GeForce 9200M GS,111
Mobility Radeon HD 3400 Serisi,111
Intel G45/G43 Express Chipset,111
FireGL V7350,111
Radeon HD 2600 Pro AGP,110
Radeon HD 4270,110
GeForce 6800 LE,110
VIA/S3G Chrome 645/640 GPU,110
GeForce 8400M GS,109
Intel Media Accelerator HD,109
Quadro FX 370 LP,108
Radeon Infoshock 3000,107
Radeon X1950 GT,106
GeForce Go 6800,106
GeForce9400M,106
GeForce GT 320M,106
Radeon HD 6290,105
GeForce 9450,105
Mobility Radeon X1700,105
Quadro FX 3400/4400,104
M880G with Mobility Radeon HD 4250,104
Quadro FX 570M,104
GeForce 9500M,104
FireGL V3400,103
Quadro FX 370 Low Profile,103
Quadro NVS 420,103
GeForce G210,103
GeForce 6800 GS/XT,103
GeForce 9300 GS,102
Mobility Radeon HD 2400 XT,102
Quadro FX Go1400,102
GeForce 8300,102
GeForce 9400M,101
Quadro FX 4000,101
Matrox G200e WDDM 2.0,101
Radeon X1600 Pro,99
GeForce 9400,99
Mobility Radeon HD 4250,98
Radeon 3000,98
Mobility Radeon HD 3430,98
ION LE,98
GeForce 9300GE,98
RADEON X800 XT,98
Quadro NVS 130M,97
Mobility Radeon HD serie 4200,97
Radeon HD 3000,96
GeForce 6700 XL,95
MEDION RADEON X740XL,95
GeForce 9300M GS,94
Quadro NVS 295,94
Mobility Radeon HD 3470 Hybrid X2,94
Radeon HD 6250,94
Mobility Radeon HD 3470,93
Quadro FX 370M,93
Mobility Radeon HD 4270,93
M880G with Mobility Radeon HD 4200,93
FireGL V5100,93
Mobility Radeon X1600,92
nForce 780a SLI,92
GeForce 8600 GS,92
RADEON X600XT,92
GeForce G205M,92
Mobility Radeon HD 3450,91
Mobility Radeon HD 4200,91
GeForce 8600M GT,90
Mobility Radeon HD 2400,90
Matrox G200eW3 WDDM 2.0,90
GeForce 7500 LE,90
GeForce 6610 XL,89
Quadro FX 360M,87
GeForce 6600,86
Quadro FX 350,86
FireGL V3200,85
Radeon X1650 Pro,85
GeForce 9300M G,85
ALL-IN-WONDER X800 GT,84
Radeon X1300 PRO,84
ION,84
RADEON X800 GT,84
GeForce 999 GTX,84
Quadro FX 370,84
nForce 750a SLI,83
Radeon HD 3200,82
GeForce 9100,82
RADEON X850 XT Platinum Edition,82
Mobility Radeon X2500,82
MOBILITY FireGL V5000,82
GeForce 9300 SE,82
nForce 980a/780a SLI,82
GeForce 8400,81
RADEON X800 XT Platinum Edition,81
Mobility Radeon 4100,81
RADEON X850 XT,81
Quadro FX 540,81
GeForce 7300 LE,80
RADEON X800GT,80
GeForce 8100 / nForce 720a,79
GeForce 7300 GS,79
Intel Q35 Express,78
Radeon HD 2350,77
GeForce 9300 GE,76
RADEON X700 PRO,76
M860G with Mobility Radeon 4100,76
Radeon X1650 GTO,75
GeForce 7350 LE,74
FireMV 2450,74
Radeon 3100,74
RADEON X800 PRO/GTO,73
Mobility Radeon HD 4300 Serisi,73
RADEON X850 PRO,73
RADEON X700,73
FireGL V7100,72
MEDION RADEON 9800 XXL,72
M880G with Mobility Radeon HD 4225,72
RADEON X700 SE,71
Radeon X1650 SE,71
Radeon X550XTX,71
FireGL V3300,71
GeForce 8600M GS,70
Quadro NVS 150M,70
Diamond X1300-PCIE 256MB,70
BASICDISPLAY,70
GeForce Go 6600,69
RADEON X800 XL,69
Radeon X1600 Pro / X1300XT,69
Quadro NVS 140M,69
Quadro FX 3000,69
FireGL V3350,69
GeForce 8400 SE,68
GeForce 9100M G,68
Intel G45/G43/G41 Express Chipset,68
Matrox G200eR WDDM 2.0,68
GeForce 9400M G,68
RADEON X600 PRO,67
Quadro NVS 450,67
MOBILITY RADEON X700,67
GeForce 8400M GT,67
Radeon X1550,67
Mobility Radeon HD 4225,66
GeForce Go 7400,66
RADEON X800 PRO,65
Quadro FX 550,64
GeForce G 105M,63
Mobility Radeon HD 3410,63
Intel HD manual-15.28-1861,63
GeForce G 103M,63
MOBILITY FireGL V3200,62
SAPPHIRE Radeon X1550,61
MOBILITY RADEON X700 XL,60
Radeon 2100,60
RADEON 9800 PRO,59
Matrox G200e WDDM 1.2,59
GeForce FX 5950 Ultra,59
FireGL X1,59
GeForce 6800 XE,59
GeForce 8400M G,59
Radeon X1300,58
GeForce 8200M G,58
Intel - Express Chipset Q45/Q43,58
RADEON 9800,58
Intel G41 Express-Chipsatz,57
Intel Q45/Q43 Express-Chipsatz,57
RADEON 9800 XT,57
Intel - Express Chipset G41,57
RADEON X600 256MB HyperMemory,57
RADEON X550XT,56
RADEON 9700 PRO,54
GeForce 6200 TurboCache,53
FireGL V3100,53
Radeon Xpress 1300,52
Quadro NVS 135M,52
GeForce Go 7300,52
Matrox G200eh WDDM 1.2,52
RADEON E2400,52
GeForce FX Go5700,51
GeForce 6600 LE,51
GeForce 7100 GS,51
FirePro 2450,51
RADEON X550,51
Mobility Radeon HD 2300,51
MOBILITY RADEON X600,50
Matrox G200eW WDDM 1.2,50
Radeon X1600,49
MOBILITY RADEON X600 SE,49
Radeon X1050,49
Intel G33/G31 Express,49
RADEON X600 SE,49
Mobility Radeon X2300 HD,49
Mobility Radeon X2300,48
GeForce 7300 SE/7200 GS,48
Mobile Intel 965 Express,48
Radeon X1550 64-bit,48
Quadro NVS 110M,48
SAPPHIRE RADEON 9600 ATLANTIS,47
Quadro NVS 120M,47
Matrox G200eh WDDM 2.0,46
MOBILITY RADEON 9800,46
FireMV 2250,46
Matrox G200eR WDDM 1.2,45
GeForce Go 7200,45
MOBILITY FireGL V5200,45
GeForce Go 6600 TE/6200 TE,45
Quadro FX 350M,45
Mobile Intel serie 4 Express,45
Mobile Intel 4 Express-Chipsatzfamilie,45
Radeon 9700 TX w/TV-Out,44
Mobile Intel 45 Express,44
Matrox M9188 ATX PCIe x16,44
Mobility Radeon X1400,43
RADEON 9600 PRO,43
Radeon Xpress 1250,43
Matrox M9138 LP PCIe x16,42
Quadro NVS 285,42
RADEON 9500 PRO / 9700,42
GeForce 7050 / nForce 620i,42
GeForce 7100 / nForce 630i,42
GeForce FX 5900 Ultra,41
GeForce FX 5700,41
MOBILITY FIREGL T2,41
Matrox G200eh,41
Radeon Xpress 1300M,40
Matrox M9148 LP PCIe x16,40
GeForce FX 5900XT,40
Mobility Radeon X1350,40
Matrox G200eW,40
Mobility Radeon X1300,40
S3 Chrome 430 ULP,40
MOBILITY RADEON 9600/9700,39
GeForce 7300 SE,39
Mobile Intel - famiglia Express Chipset 45,39
GeForce 6500,38
Quadro NVS 285 128MB,38
RADEON X300SE,38
GeForce 7050 / nForce 630i,38
256MB DDR Radeon 9800 XT,38
Quadro NVS 440,38
GeForce 6200,37
Radeon X1250,37
GeForce 6200SE TurboCache,37
Matrox G200eR,37
CONNECT 3D RADEON X300,36
RADEON 9500,36
FireMV 2200 PCIe,36
MOBILITY RADEON 9600,36
Quadro FX 1100,36
Radeon Xpress 1200,36
RADEON 9600 XT,35
GeForce PCX 5750,35
RADEON 9550,35
GeForce FX 5900,35
Quadro FX 1300,34
Quadro FX 1000,34
GeForce FX 5700 Ultra,34
GeForce PCX 5900,34
Radeon Xpress 1100,34
MOBILITY RADEON X300,34
MOBILITY FIREGL T2/T2e,34
S3 Chrome S27 DDR3,33
GeForce 6150 LE,33
Mobility Radeon X1450,33
GeForce FX 5700VE,33
GeForce 7150 / nForce 630i,33
Intel Media Accelerator,33
GeForce FX 5900ZT,33
Radeon X1200,33
GeForce 7025 / nForce 630a,33
GeForce 6200 A-LE,32
Matrox M9128 LP PCIe x16,32
Red Hat QXL controller,32
GeForce 7050 PV / nForce 630a,31
Radeon X1270,31
GeForce 6150SE nForce 430,31
FireGL T2-128,31
MOBILITY RADEON 9550,30
All-in-Wonder X1800XL,30
Radeon Xpress 1150,30
RADEON XPRESS 200,30
Radeon 9550 / X1050,29
GeForce 6200 LE,28
MOBILITY RADEON 9700,27
MOBILITY FireGL V5250,27
RADEON 9600SE,27
GeForce 6100,27
MOBILITY RADEON XPRESS 200,27
GeForce 6100 nForce 405,27
RADEON 9600 PRO Family,27
Radeon Xpress 1270,27
GeForce 7100 / nForce 620i,26
PHDGD Sapphire GR for Mobile Intel 965,26
Matrox M9120 Plus LP PCIe x16,26
GeForce 7050 / nForce 610i,26
Matrox M9125 PCIe x16,26
GeForce 6100 nForce 420,25
GeForce 6100 nForce 400,25
RADEON 9600 Family,25
MOBILITY RADEON 9600 PRO TURBO,25
GeForce 6150SE,25
GeForce FX 5700LE,25
GeForce Go 6400,24
Mobile Intel 965 Express-Chipsatzfamilie,24
Quadro NVS 210S,24
RADEON 9800 SE,24
Matrox M9140 LP PCIe x16,23
ALL-IN-WONDER 9800,23
GeForce 7200 GS,23
GeForce 6100 nForce 430,23
S3 Chrome S25,23
RADEON A9800XT,23
RADEON XPRESS 200M,23
GeForce 6150,22
Quadro NVS 210S / GeForce 6150LE,21
PHDGD Solo 2 x64,20
Matrox M9120 PCIe x16,20
GeForce Go 6150,19
QXL KMDOD,19
S3 Chrome S25 DDR2,18
RADEON 9600 TX Family,18
GeForce 7150M / nForce 630M,18
RADEON XPRESS 200 CROSSFIRE,18
Quadro FX 2000,18
GeForce Go 6100,18
GeForce FX Go 5600,18
Mobile Intel965 Express,18
GeForce FX 5600 Ultra,17
GeForce FX Go5650,17
GRID V100-8Q,16
NV44,15
GeForce Go 6200,15
Quadro FX 500/600 PCI,14
Radeon HD 2400 PCI,14
GeForce 7000M,13
GeForce 7000M / nForce 610M,13
GeForce FX 5600,13
GeForce FX Go5300,13
GeForce FX 5200 Ultra,12
GeForce FX 5200SE,12
FireMV 2400 PCIe,11
Intel 82945G Express,11
RGH Drivers v3,11
PHDGD Solo 1.2.0 x86,11
Master X3100 Driver,10
MOBILITY IGP 9000/9100,10
Matrox Parhelia 256MB,9
VIA Chrome9 HD IGP,9
ASUS A7000,9
GeForce FX 5600XT,9
GeCube RADEON 7000,9
GeForce FX Go 5200,8
Intel Q35 Embedded,8
GeForce FX 5500,8
Mobile Intel 965 Express - BR-0907-0461 v1839,8
Quadro NVS 280 PCI,8
Intel 82945G Express-Chipsatzfamilie,8
MOBILITY RADEON 9000 IGP,8
GeForce FX 5100,8
ASUS V9520-X V62.11,8
Quadro FX 500/FX 600,8
GeForce FX 5200,8
Intel US15 Embedded Media and Controller,7
GeForce4 Ti 4400,7
GeForce FX 5200LE,7
Intel Media Accelerator 600,7
GeForce4 Ti 4800 SE,7
Matrox Millennium P690 Plus LP PCIe x16,7
Quadro4 380 XGL,7
RADEON 8500 Family,7
GeForce4 MX Integrated GPU,7
V9560XT,6
GeForce2 Ultra,6
MOBILITY RADEON 7000 IGP,6
GeForce PCX 5300,6
RADEON 9100 Family,6
Quadro NVS 55/280 PCI,6
RADEON IGP 350M,6
GeForce4 440 Go 64M,6
VIA/S3G UniChromeII,6
GeForce4 Ti 4800,6
Mobile Intel 945GM Express,6
Quadro 280 NVS PCIe,6
NVIDIA GeForce3 Ti200,6
Intel 82915G Express,6
MOBILITY RADEON 9000/9100 IGP,6
Matrox Parhelia APVe,6
ALL-IN-WONDER RADEON 8500DV,6
GeForce4 Ti 4200,6
GeForce4 448 Go,6
GeForce4 Ti 4600,6
RADEON 9100 IGP,5
GeForce4 420 Go 32M,5
Matrox Millennium P650 PCIe 128,5
Mobile Intel 945GM/GU Express,5
SAPPHIRE RADEON 9000 ATLANTIS PRO,5
Xabre,5
Intel Q33 Express,5
GeForce 256,5
Quadro4 980 XGL,5
GeForce4 440,5
Quadro4 900 XGL,5
ALL-IN-WONDER 9000,5
GeForce3,5
GeForce4 MX 440 with AGP8X,5
WinFast A250 LE,5
GeForce2 MX with DVI-D and TV-out,5
GeForce4 MX 420,5
MOBILITY FIREGL 7800,5
RADEON 7500 Family,5
VIA/S3G UniChrome Pro IGP,5
Intel 82865G Controller,5
Intel 915G/915GV/910GL Embedded Controller Functio,5
RADEON 9000,5
GeForce2 Ti,5
XGI Volari Family v1.13.23.D_V,5
GeForce4 MX 440SE,5
GeForce4 MX 440,5
Quadro2 MXR/EX,5
Intel 945G Embedded Chipset Function 0,5
GeForce4 MX 4000,5
ASUS AGP-V3800PRO v31.40H,5
GeForce2 Integrated GPU,4
Dell 8200,4
VIA Chrome9 HC IGP,4
VIA/S3G UniChrome IGP,4
GeForce4 MX 460,4
GeForce2 Go,4
MOBILITY/RADEON 9000,4
GeForce3 Ti 200,4
VIA/S3G KM400/KN400,4
Intel 915G 910G Express,4
GeForce2 GTS/GeForce2 Pro,4
GeForce4 4200 Go,4
GeForce2 MX/MX 400,4
ABIT Siluro T400,4
VIA Chrome9 HC IGP Family,4
RADEON 7000 / RADEON VE Family,4
RIVA TNT2 Model 64/Model 64 Pro,4
RADEON IGP 320,4
GeForce4 440 Go,4
Intel 82915G/915GV/910GL,4
Intel 865 Embedded Controller,4
GeForce 6200A,4
RADEON 9200,4
MOBILITY RADEON 7500,4
Radeon IGP 320M,4
RADEON 9000 Family,4
VIA Chrome9 HC IGP Family WDDM,4
Intel Media Accelerator 500,3
RIVA TNT2/TNT2 Pro,3
Matrox Parhelia 128MB,3
VIA Chrome9 HC IGP WDDM 1.1,3
GeForce4 420 Go,3
VIA/S3G DeltaChrome IGP,3
MOBILITY RADEON 9000,3
GeForce2 MX 100/200,3
Intel 946GZ Embedded Chipset,3
RADEON 7500,3
S3 Inc. Savage4,3
AMIGAMERLIN 3.1-R1 For Voodoo 4 4500 PCI,3
Rage Fury Pro/Xpert 2000 Pro,3
Intel 82915G/GV/910GL Express,3
Vanta/Vanta LT,3
MOBILITY RADEON 9200,3
MOBILITY RADEON 9100 IGP,3
Intel Media Accelerator 3150,3
Intel 82845G/GL/GE/PE/GV Controller,3
RADEON 7200,3
RADEON 9200 PRO Family,3
VIA Chrome9 HC IGP WDDM,3
GeForce2 MX,3
RADEON IGP 345M,3
Radeon 7000 / Radeon VE,3
VIA Chrome9 HC3 IGP,3
Intel 82915G/GV/910GL Advanced v3.5,3
Intel 82845G/GL Controller,3
RADEON 9200 LE Family,3
RADEON 9250,3
Intel 946GZ Express,3
GeForce2 MX with TV Out,3
RADEON 9200 SE,3
GeForce3 Ti 500,3
Intel GMA 3150 Express,3
Radeon IGP 340M,3
Quadro NVS 280 SD,2
Dell 8100,2
VIA Chrome9 HC IGP Prerelease WDDM 1.1,2
Intel 82845G Controller,2
Radeon VE,2
Intel Extreme Controller,2
S3 SuperSavage/IXC 1014,2
VisionTek Radeon 7000,2
Mobile Intel 915GM/GMS/910GML Express,2
Mobile Intel 945 Express,2
VIA Chrome9 HCM IGP,2
RADEON IGP 34xM,2
S3 ProSavageDDR,1
Rage 128 Pro,1
VIA Chrome9 HC3 IGP WDDM 1.1,1
Intel 82852/82855 GM/GME Controller,1
RAGE 128 PRO AGP 4X TMDS,1
Quadro2 Pro,1
FireMV 2200 PCI,1
